,date_pr,weekday_fa,holiday_inCal,date_gr,weekday_en,my_date
0,1396/01/01,سه شنبه,1,2017-03-21,Tuesday,13960101
1,1396/01/02,چهارشنبه,1,2017-03-22,Wednesday,13960102
2,1396/01/03,پنجشنبه,1,2017-03-23,Thursday,13960103
3,1396/01/04,جمعه,1,2017-03-24,Friday,13960104
4,1396/01/05,شنبه,0,2017-03-25,Saturday,13960105
5,1396/01/06,یکشنبه,0,2017-03-26,Sunday,13960106
6,1396/01/07,دوشنبه,0,2017-03-27,Monday,13960107
7,1396/01/08,سه شنبه,0,2017-03-28,Tuesday,13960108
8,1396/01/09,چهارشنبه,0,2017-03-29,Wednesday,13960109
9,1396/01/10,پنجشنبه,0,2017-03-30,Thursday,13960110
10,1396/01/11,جمعه,0,2017-03-31,Friday,13960111
11,1396/01/12,شنبه,1,2017-04-01,Saturday,13960112
12,1396/01/13,یکشنبه,1,2017-04-02,Sunday,13960113
13,1396/01/14,دوشنبه,0,2017-04-03,Monday,13960114
14,1396/01/15,سه شنبه,0,2017-04-04,Tuesday,13960115
15,1396/01/16,چهارشنبه,0,2017-04-05,Wednesday,13960116
16,1396/01/17,پنجشنبه,0,2017-04-06,Thursday,13960117
17,1396/01/18,جمعه,0,2017-04-07,Friday,13960118
18,1396/01/19,شنبه,0,2017-04-08,Saturday,13960119
19,1396/01/20,یکشنبه,0,2017-04-09,Sunday,13960120
20,1396/01/21,دوشنبه,0,2017-04-10,Monday,13960121
21,1396/01/22,سه شنبه,1,2017-04-11,Tuesday,13960122
22,1396/01/23,چهارشنبه,0,2017-04-12,Wednesday,13960123
23,1396/01/24,پنجشنبه,0,2017-04-13,Thursday,13960124
24,1396/01/25,جمعه,0,2017-04-14,Friday,13960125
25,1396/01/26,شنبه,0,2017-04-15,Saturday,13960126
26,1396/01/27,یکشنبه,0,2017-04-16,Sunday,13960127
27,1396/01/28,دوشنبه,0,2017-04-17,Monday,13960128
28,1396/01/29,سه شنبه,0,2017-04-18,Tuesday,13960129
29,1396/01/30,چهارشنبه,0,2017-04-19,Wednesday,13960130
30,1396/01/31,پنجشنبه,0,2017-04-20,Thursday,13960131
31,1396/02/01,جمعه,0,2017-04-21,Friday,13960201
32,1396/02/02,شنبه,0,2017-04-22,Saturday,13960202
33,1396/02/03,یکشنبه,0,2017-04-23,Sunday,13960203
34,1396/02/04,دوشنبه,0,2017-04-24,Monday,13960204
35,1396/02/05,سه شنبه,1,2017-04-25,Tuesday,13960205
36,1396/02/06,چهارشنبه,0,2017-04-26,Wednesday,13960206
37,1396/02/07,پنجشنبه,0,2017-04-27,Thursday,13960207
38,1396/02/08,جمعه,0,2017-04-28,Friday,13960208
39,1396/02/09,شنبه,0,2017-04-29,Saturday,13960209
40,1396/02/10,یکشنبه,0,2017-04-30,Sunday,13960210
41,1396/02/11,دوشنبه,0,2017-05-01,Monday,13960211
42,1396/02/12,سه شنبه,0,2017-05-02,Tuesday,13960212
43,1396/02/13,چهارشنبه,0,2017-05-03,Wednesday,13960213
44,1396/02/14,پنجشنبه,0,2017-05-04,Thursday,13960214
45,1396/02/15,جمعه,0,2017-05-05,Friday,13960215
46,1396/02/16,شنبه,0,2017-05-06,Saturday,13960216
47,1396/02/17,یکشنبه,0,2017-05-07,Sunday,13960217
48,1396/02/18,دوشنبه,0,2017-05-08,Monday,13960218
49,1396/02/19,سه شنبه,0,2017-05-09,Tuesday,13960219
50,1396/02/20,چهارشنبه,0,2017-05-10,Wednesday,13960220
51,1396/02/21,پنجشنبه,0,2017-05-11,Thursday,13960221
52,1396/02/22,جمعه,1,2017-05-12,Friday,13960222
53,1396/02/23,شنبه,0,2017-05-13,Saturday,13960223
54,1396/02/24,یکشنبه,0,2017-05-14,Sunday,13960224
55,1396/02/25,دوشنبه,0,2017-05-15,Monday,13960225
56,1396/02/26,سه شنبه,0,2017-05-16,Tuesday,13960226
57,1396/02/27,چهارشنبه,0,2017-05-17,Wednesday,13960227
58,1396/02/28,پنجشنبه,0,2017-05-18,Thursday,13960228
59,1396/02/29,جمعه,0,2017-05-19,Friday,13960229
60,1396/02/30,شنبه,0,2017-05-20,Saturday,13960230
61,1396/02/31,یکشنبه,0,2017-05-21,Sunday,13960231
62,1396/03/01,دوشنبه,0,2017-05-22,Monday,13960301
63,1396/03/02,سه شنبه,0,2017-05-23,Tuesday,13960302
64,1396/03/03,چهارشنبه,0,2017-05-24,Wednesday,13960303
65,1396/03/04,پنجشنبه,0,2017-05-25,Thursday,13960304
66,1396/03/05,جمعه,0,2017-05-26,Friday,13960305
67,1396/03/06,شنبه,0,2017-05-27,Saturday,13960306
68,1396/03/07,یکشنبه,0,2017-05-28,Sunday,13960307
69,1396/03/08,دوشنبه,0,2017-05-29,Monday,13960308
70,1396/03/09,سه شنبه,0,2017-05-30,Tuesday,13960309
71,1396/03/10,چهارشنبه,0,2017-05-31,Wednesday,13960310
72,1396/03/11,پنجشنبه,0,2017-06-01,Thursday,13960311
73,1396/03/12,جمعه,0,2017-06-02,Friday,13960312
74,1396/03/13,شنبه,0,2017-06-03,Saturday,13960313
75,1396/03/14,یکشنبه,1,2017-06-04,Sunday,13960314
76,1396/03/15,دوشنبه,1,2017-06-05,Monday,13960315
77,1396/03/16,سه شنبه,0,2017-06-06,Tuesday,13960316
78,1396/03/17,چهارشنبه,0,2017-06-07,Wednesday,13960317
79,1396/03/18,پنجشنبه,0,2017-06-08,Thursday,13960318
80,1396/03/19,جمعه,0,2017-06-09,Friday,13960319
81,1396/03/20,شنبه,0,2017-06-10,Saturday,13960320
82,1396/03/21,یکشنبه,0,2017-06-11,Sunday,13960321
83,1396/03/22,دوشنبه,0,2017-06-12,Monday,13960322
84,1396/03/23,سه شنبه,0,2017-06-13,Tuesday,13960323
85,1396/03/24,چهارشنبه,0,2017-06-14,Wednesday,13960324
86,1396/03/25,پنجشنبه,0,2017-06-15,Thursday,13960325
87,1396/03/26,جمعه,1,2017-06-16,Friday,13960326
88,1396/03/27,شنبه,0,2017-06-17,Saturday,13960327
89,1396/03/28,یکشنبه,0,2017-06-18,Sunday,13960328
90,1396/03/29,دوشنبه,0,2017-06-19,Monday,13960329
91,1396/03/30,سه شنبه,0,2017-06-20,Tuesday,13960330
92,1396/03/31,چهارشنبه,0,2017-06-21,Wednesday,13960331
93,1396/04/01,پنجشنبه,0,2017-06-22,Thursday,13960401
94,1396/04/02,جمعه,0,2017-06-23,Friday,13960402
95,1396/04/03,شنبه,0,2017-06-24,Saturday,13960403
96,1396/04/04,یکشنبه,0,2017-06-25,Sunday,13960404
97,1396/04/05,دوشنبه,1,2017-06-26,Monday,13960405
98,1396/04/06,سه شنبه,1,2017-06-27,Tuesday,13960406
99,1396/04/07,چهارشنبه,0,2017-06-28,Wednesday,13960407
100,1396/04/08,پنجشنبه,0,2017-06-29,Thursday,13960408
101,1396/04/09,جمعه,0,2017-06-30,Friday,13960409
102,1396/04/10,شنبه,0,2017-07-01,Saturday,13960410
103,1396/04/11,یکشنبه,0,2017-07-02,Sunday,13960411
104,1396/04/12,دوشنبه,0,2017-07-03,Monday,13960412
105,1396/04/13,سه شنبه,0,2017-07-04,Tuesday,13960413
106,1396/04/14,چهارشنبه,0,2017-07-05,Wednesday,13960414
107,1396/04/15,پنجشنبه,0,2017-07-06,Thursday,13960415
108,1396/04/16,جمعه,0,2017-07-07,Friday,13960416
109,1396/04/17,شنبه,0,2017-07-08,Saturday,13960417
110,1396/04/18,یکشنبه,0,2017-07-09,Sunday,13960418
111,1396/04/19,دوشنبه,0,2017-07-10,Monday,13960419
112,1396/04/20,سه شنبه,0,2017-07-11,Tuesday,13960420
113,1396/04/21,چهارشنبه,0,2017-07-12,Wednesday,13960421
114,1396/04/22,پنجشنبه,0,2017-07-13,Thursday,13960422
115,1396/04/23,جمعه,0,2017-07-14,Friday,13960423
116,1396/04/24,شنبه,0,2017-07-15,Saturday,13960424
117,1396/04/25,یکشنبه,0,2017-07-16,Sunday,13960425
118,1396/04/26,دوشنبه,0,2017-07-17,Monday,13960426
119,1396/04/27,سه شنبه,0,2017-07-18,Tuesday,13960427
120,1396/04/28,چهارشنبه,0,2017-07-19,Wednesday,13960428
121,1396/04/29,پنجشنبه,1,2017-07-20,Thursday,13960429
122,1396/04/30,جمعه,0,2017-07-21,Friday,13960430
123,1396/04/31,شنبه,0,2017-07-22,Saturday,13960431
124,1396/05/01,یکشنبه,0,2017-07-23,Sunday,13960501
125,1396/05/02,دوشنبه,0,2017-07-24,Monday,13960502
126,1396/05/03,سه شنبه,0,2017-07-25,Tuesday,13960503
127,1396/05/04,چهارشنبه,0,2017-07-26,Wednesday,13960504
128,1396/05/05,پنجشنبه,0,2017-07-27,Thursday,13960505
129,1396/05/06,جمعه,0,2017-07-28,Friday,13960506
130,1396/05/07,شنبه,0,2017-07-29,Saturday,13960507
131,1396/05/08,یکشنبه,0,2017-07-30,Sunday,13960508
132,1396/05/09,دوشنبه,0,2017-07-31,Monday,13960509
133,1396/05/10,سه شنبه,0,2017-08-01,Tuesday,13960510
134,1396/05/11,چهارشنبه,0,2017-08-02,Wednesday,13960511
135,1396/05/12,پنجشنبه,0,2017-08-03,Thursday,13960512
136,1396/05/13,جمعه,0,2017-08-04,Friday,13960513
137,1396/05/14,شنبه,0,2017-08-05,Saturday,13960514
138,1396/05/15,یکشنبه,0,2017-08-06,Sunday,13960515
139,1396/05/16,دوشنبه,0,2017-08-07,Monday,13960516
140,1396/05/17,سه شنبه,0,2017-08-08,Tuesday,13960517
141,1396/05/18,چهارشنبه,0,2017-08-09,Wednesday,13960518
142,1396/05/19,پنجشنبه,0,2017-08-10,Thursday,13960519
143,1396/05/20,جمعه,0,2017-08-11,Friday,13960520
144,1396/05/21,شنبه,0,2017-08-12,Saturday,13960521
145,1396/05/22,یکشنبه,0,2017-08-13,Sunday,13960522
146,1396/05/23,دوشنبه,0,2017-08-14,Monday,13960523
147,1396/05/24,سه شنبه,0,2017-08-15,Tuesday,13960524
148,1396/05/25,چهارشنبه,0,2017-08-16,Wednesday,13960525
149,1396/05/26,پنجشنبه,0,2017-08-17,Thursday,13960526
150,1396/05/27,جمعه,0,2017-08-18,Friday,13960527
151,1396/05/28,شنبه,0,2017-08-19,Saturday,13960528
152,1396/05/29,یکشنبه,0,2017-08-20,Sunday,13960529
153,1396/05/30,دوشنبه,0,2017-08-21,Monday,13960530
154,1396/05/31,سه شنبه,0,2017-08-22,Tuesday,13960531
155,1396/06/01,چهارشنبه,0,2017-08-23,Wednesday,13960601
156,1396/06/02,پنجشنبه,0,2017-08-24,Thursday,13960602
157,1396/06/03,جمعه,0,2017-08-25,Friday,13960603
158,1396/06/04,شنبه,0,2017-08-26,Saturday,13960604
159,1396/06/05,یکشنبه,0,2017-08-27,Sunday,13960605
160,1396/06/06,دوشنبه,0,2017-08-28,Monday,13960606
161,1396/06/07,سه شنبه,0,2017-08-29,Tuesday,13960607
162,1396/06/08,چهارشنبه,0,2017-08-30,Wednesday,13960608
163,1396/06/09,پنجشنبه,0,2017-08-31,Thursday,13960609
164,1396/06/10,جمعه,1,2017-09-01,Friday,13960610
165,1396/06/11,شنبه,0,2017-09-02,Saturday,13960611
166,1396/06/12,یکشنبه,0,2017-09-03,Sunday,13960612
167,1396/06/13,دوشنبه,0,2017-09-04,Monday,13960613
168,1396/06/14,سه شنبه,0,2017-09-05,Tuesday,13960614
169,1396/06/15,چهارشنبه,0,2017-09-06,Wednesday,13960615
170,1396/06/16,پنجشنبه,0,2017-09-07,Thursday,13960616
171,1396/06/17,جمعه,0,2017-09-08,Friday,13960617
172,1396/06/18,شنبه,1,2017-09-09,Saturday,13960618
173,1396/06/19,یکشنبه,0,2017-09-10,Sunday,13960619
174,1396/06/20,دوشنبه,0,2017-09-11,Monday,13960620
175,1396/06/21,سه شنبه,0,2017-09-12,Tuesday,13960621
176,1396/06/22,چهارشنبه,0,2017-09-13,Wednesday,13960622
177,1396/06/23,پنجشنبه,0,2017-09-14,Thursday,13960623
178,1396/06/24,جمعه,0,2017-09-15,Friday,13960624
179,1396/06/25,شنبه,0,2017-09-16,Saturday,13960625
180,1396/06/26,یکشنبه,0,2017-09-17,Sunday,13960626
181,1396/06/27,دوشنبه,0,2017-09-18,Monday,13960627
182,1396/06/28,سه شنبه,0,2017-09-19,Tuesday,13960628
183,1396/06/29,چهارشنبه,0,2017-09-20,Wednesday,13960629
184,1396/06/30,پنجشنبه,0,2017-09-21,Thursday,13960630
185,1396/06/31,جمعه,0,2017-09-22,Friday,13960631
186,1396/07/01,شنبه,0,2017-09-23,Saturday,13960701
187,1396/07/02,یکشنبه,0,2017-09-24,Sunday,13960702
188,1396/07/03,دوشنبه,0,2017-09-25,Monday,13960703
189,1396/07/04,سه شنبه,0,2017-09-26,Tuesday,13960704
190,1396/07/05,چهارشنبه,0,2017-09-27,Wednesday,13960705
191,1396/07/06,پنجشنبه,0,2017-09-28,Thursday,13960706
192,1396/07/07,جمعه,0,2017-09-29,Friday,13960707
193,1396/07/08,شنبه,1,2017-09-30,Saturday,13960708
194,1396/07/09,یکشنبه,1,2017-10-01,Sunday,13960709
195,1396/07/10,دوشنبه,0,2017-10-02,Monday,13960710
196,1396/07/11,سه شنبه,0,2017-10-03,Tuesday,13960711
197,1396/07/12,چهارشنبه,0,2017-10-04,Wednesday,13960712
198,1396/07/13,پنجشنبه,0,2017-10-05,Thursday,13960713
199,1396/07/14,جمعه,0,2017-10-06,Friday,13960714
200,1396/07/15,شنبه,0,2017-10-07,Saturday,13960715
201,1396/07/16,یکشنبه,0,2017-10-08,Sunday,13960716
202,1396/07/17,دوشنبه,0,2017-10-09,Monday,13960717
203,1396/07/18,سه شنبه,0,2017-10-10,Tuesday,13960718
204,1396/07/19,چهارشنبه,0,2017-10-11,Wednesday,13960719
205,1396/07/20,پنجشنبه,0,2017-10-12,Thursday,13960720
206,1396/07/21,جمعه,0,2017-10-13,Friday,13960721
207,1396/07/22,شنبه,0,2017-10-14,Saturday,13960722
208,1396/07/23,یکشنبه,0,2017-10-15,Sunday,13960723
209,1396/07/24,دوشنبه,0,2017-10-16,Monday,13960724
210,1396/07/25,سه شنبه,0,2017-10-17,Tuesday,13960725
211,1396/07/26,چهارشنبه,0,2017-10-18,Wednesday,13960726
212,1396/07/27,پنجشنبه,0,2017-10-19,Thursday,13960727
213,1396/07/28,جمعه,0,2017-10-20,Friday,13960728
214,1396/07/29,شنبه,0,2017-10-21,Saturday,13960729
215,1396/07/30,یکشنبه,0,2017-10-22,Sunday,13960730
216,1396/08/01,دوشنبه,0,2017-10-23,Monday,13960801
217,1396/08/02,سه شنبه,0,2017-10-24,Tuesday,13960802
218,1396/08/03,چهارشنبه,0,2017-10-25,Wednesday,13960803
219,1396/08/04,پنجشنبه,0,2017-10-26,Thursday,13960804
220,1396/08/05,جمعه,0,2017-10-27,Friday,13960805
221,1396/08/06,شنبه,0,2017-10-28,Saturday,13960806
222,1396/08/07,یکشنبه,0,2017-10-29,Sunday,13960807
223,1396/08/08,دوشنبه,0,2017-10-30,Monday,13960808
224,1396/08/09,سه شنبه,0,2017-10-31,Tuesday,13960809
225,1396/08/10,چهارشنبه,0,2017-11-01,Wednesday,13960810
226,1396/08/11,پنجشنبه,0,2017-11-02,Thursday,13960811
227,1396/08/12,جمعه,0,2017-11-03,Friday,13960812
228,1396/08/13,شنبه,0,2017-11-04,Saturday,13960813
229,1396/08/14,یکشنبه,0,2017-11-05,Sunday,13960814
230,1396/08/15,دوشنبه,0,2017-11-06,Monday,13960815
231,1396/08/16,سه شنبه,0,2017-11-07,Tuesday,13960816
232,1396/08/17,چهارشنبه,0,2017-11-08,Wednesday,13960817
233,1396/08/18,پنجشنبه,1,2017-11-09,Thursday,13960818
234,1396/08/19,جمعه,0,2017-11-10,Friday,13960819
235,1396/08/20,شنبه,0,2017-11-11,Saturday,13960820
236,1396/08/21,یکشنبه,0,2017-11-12,Sunday,13960821
237,1396/08/22,دوشنبه,0,2017-11-13,Monday,13960822
238,1396/08/23,سه شنبه,0,2017-11-14,Tuesday,13960823
239,1396/08/24,چهارشنبه,0,2017-11-15,Wednesday,13960824
240,1396/08/25,پنجشنبه,0,2017-11-16,Thursday,13960825
241,1396/08/26,جمعه,1,2017-11-17,Friday,13960826
242,1396/08/27,شنبه,0,2017-11-18,Saturday,13960827
243,1396/08/28,یکشنبه,1,2017-11-19,Sunday,13960828
244,1396/08/29,دوشنبه,0,2017-11-20,Monday,13960829
245,1396/08/30,سه شنبه,0,2017-11-21,Tuesday,13960830
246,1396/09/01,چهارشنبه,0,2017-11-22,Wednesday,13960901
247,1396/09/02,پنجشنبه,0,2017-11-23,Thursday,13960902
248,1396/09/03,جمعه,0,2017-11-24,Friday,13960903
249,1396/09/04,شنبه,0,2017-11-25,Saturday,13960904
250,1396/09/05,یکشنبه,0,2017-11-26,Sunday,13960905
251,1396/09/06,دوشنبه,1,2017-11-27,Monday,13960906
252,1396/09/07,سه شنبه,0,2017-11-28,Tuesday,13960907
253,1396/09/08,چهارشنبه,0,2017-11-29,Wednesday,13960908
254,1396/09/09,پنجشنبه,0,2017-11-30,Thursday,13960909
255,1396/09/10,جمعه,0,2017-12-01,Friday,13960910
256,1396/09/11,شنبه,0,2017-12-02,Saturday,13960911
257,1396/09/12,یکشنبه,0,2017-12-03,Sunday,13960912
258,1396/09/13,دوشنبه,0,2017-12-04,Monday,13960913
259,1396/09/14,سه شنبه,0,2017-12-05,Tuesday,13960914
260,1396/09/15,چهارشنبه,1,2017-12-06,Wednesday,13960915
261,1396/09/16,پنجشنبه,0,2017-12-07,Thursday,13960916
262,1396/09/17,جمعه,0,2017-12-08,Friday,13960917
263,1396/09/18,شنبه,0,2017-12-09,Saturday,13960918
264,1396/09/19,یکشنبه,0,2017-12-10,Sunday,13960919
265,1396/09/20,دوشنبه,0,2017-12-11,Monday,13960920
266,1396/09/21,سه شنبه,0,2017-12-12,Tuesday,13960921
267,1396/09/22,چهارشنبه,0,2017-12-13,Wednesday,13960922
268,1396/09/23,پنجشنبه,0,2017-12-14,Thursday,13960923
269,1396/09/24,جمعه,0,2017-12-15,Friday,13960924
270,1396/09/25,شنبه,0,2017-12-16,Saturday,13960925
271,1396/09/26,یکشنبه,0,2017-12-17,Sunday,13960926
272,1396/09/27,دوشنبه,0,2017-12-18,Monday,13960927
273,1396/09/28,سه شنبه,0,2017-12-19,Tuesday,13960928
274,1396/09/29,چهارشنبه,0,2017-12-20,Wednesday,13960929
275,1396/09/30,پنجشنبه,0,2017-12-21,Thursday,13960930
276,1396/10/01,جمعه,0,2017-12-22,Friday,13961001
277,1396/10/02,شنبه,0,2017-12-23,Saturday,13961002
278,1396/10/03,یکشنبه,0,2017-12-24,Sunday,13961003
279,1396/10/04,دوشنبه,0,2017-12-25,Monday,13961004
280,1396/10/05,سه شنبه,0,2017-12-26,Tuesday,13961005
281,1396/10/06,چهارشنبه,0,2017-12-27,Wednesday,13961006
282,1396/10/07,پنجشنبه,0,2017-12-28,Thursday,13961007
283,1396/10/08,جمعه,0,2017-12-29,Friday,13961008
284,1396/10/09,شنبه,0,2017-12-30,Saturday,13961009
285,1396/10/10,یکشنبه,0,2017-12-31,Sunday,13961010
286,1396/10/11,دوشنبه,0,2018-01-01,Monday,13961011
287,1396/10/12,سه شنبه,0,2018-01-02,Tuesday,13961012
288,1396/10/13,چهارشنبه,0,2018-01-03,Wednesday,13961013
289,1396/10/14,پنجشنبه,0,2018-01-04,Thursday,13961014
290,1396/10/15,جمعه,0,2018-01-05,Friday,13961015
291,1396/10/16,شنبه,0,2018-01-06,Saturday,13961016
292,1396/10/17,یکشنبه,0,2018-01-07,Sunday,13961017
293,1396/10/18,دوشنبه,0,2018-01-08,Monday,13961018
294,1396/10/19,سه شنبه,0,2018-01-09,Tuesday,13961019
295,1396/10/20,چهارشنبه,0,2018-01-10,Wednesday,13961020
296,1396/10/21,پنجشنبه,0,2018-01-11,Thursday,13961021
297,1396/10/22,جمعه,0,2018-01-12,Friday,13961022
298,1396/10/23,شنبه,0,2018-01-13,Saturday,13961023
299,1396/10/24,یکشنبه,0,2018-01-14,Sunday,13961024
300,1396/10/25,دوشنبه,0,2018-01-15,Monday,13961025
301,1396/10/26,سه شنبه,0,2018-01-16,Tuesday,13961026
302,1396/10/27,چهارشنبه,0,2018-01-17,Wednesday,13961027
303,1396/10/28,پنجشنبه,0,2018-01-18,Thursday,13961028
304,1396/10/29,جمعه,0,2018-01-19,Friday,13961029
305,1396/10/30,شنبه,0,2018-01-20,Saturday,13961030
306,1396/11/01,یکشنبه,0,2018-01-21,Sunday,13961101
307,1396/11/02,دوشنبه,0,2018-01-22,Monday,13961102
308,1396/11/03,سه شنبه,0,2018-01-23,Tuesday,13961103
309,1396/11/04,چهارشنبه,0,2018-01-24,Wednesday,13961104
310,1396/11/05,پنجشنبه,0,2018-01-25,Thursday,13961105
311,1396/11/06,جمعه,0,2018-01-26,Friday,13961106
312,1396/11/07,شنبه,0,2018-01-27,Saturday,13961107
313,1396/11/08,یکشنبه,0,2018-01-28,Sunday,13961108
314,1396/11/09,دوشنبه,0,2018-01-29,Monday,13961109
315,1396/11/10,سه شنبه,0,2018-01-30,Tuesday,13961110
316,1396/11/11,چهارشنبه,0,2018-01-31,Wednesday,13961111
317,1396/11/12,پنجشنبه,0,2018-02-01,Thursday,13961112
318,1396/11/13,جمعه,0,2018-02-02,Friday,13961113
319,1396/11/14,شنبه,0,2018-02-03,Saturday,13961114
320,1396/11/15,یکشنبه,0,2018-02-04,Sunday,13961115
321,1396/11/16,دوشنبه,0,2018-02-05,Monday,13961116
322,1396/11/17,سه شنبه,0,2018-02-06,Tuesday,13961117
323,1396/11/18,چهارشنبه,0,2018-02-07,Wednesday,13961118
324,1396/11/19,پنجشنبه,0,2018-02-08,Thursday,13961119
325,1396/11/20,جمعه,0,2018-02-09,Friday,13961120
326,1396/11/21,شنبه,0,2018-02-10,Saturday,13961121
327,1396/11/22,یکشنبه,1,2018-02-11,Sunday,13961122
328,1396/11/23,دوشنبه,0,2018-02-12,Monday,13961123
329,1396/11/24,سه شنبه,0,2018-02-13,Tuesday,13961124
330,1396/11/25,چهارشنبه,0,2018-02-14,Wednesday,13961125
331,1396/11/26,پنجشنبه,0,2018-02-15,Thursday,13961126
332,1396/11/27,جمعه,0,2018-02-16,Friday,13961127
333,1396/11/28,شنبه,0,2018-02-17,Saturday,13961128
334,1396/11/29,یکشنبه,0,2018-02-18,Sunday,13961129
335,1396/11/30,دوشنبه,0,2018-02-19,Monday,13961130
336,1396/12/01,سه شنبه,1,2018-02-20,Tuesday,13961201
337,1396/12/02,چهارشنبه,0,2018-02-21,Wednesday,13961202
338,1396/12/03,پنجشنبه,0,2018-02-22,Thursday,13961203
339,1396/12/04,جمعه,0,2018-02-23,Friday,13961204
340,1396/12/05,شنبه,0,2018-02-24,Saturday,13961205
341,1396/12/06,یکشنبه,0,2018-02-25,Sunday,13961206
342,1396/12/07,دوشنبه,0,2018-02-26,Monday,13961207
343,1396/12/08,سه شنبه,0,2018-02-27,Tuesday,13961208
344,1396/12/09,چهارشنبه,0,2018-02-28,Wednesday,13961209
345,1396/12/10,پنجشنبه,0,2018-03-01,Thursday,13961210
346,1396/12/11,جمعه,0,2018-03-02,Friday,13961211
347,1396/12/12,شنبه,0,2018-03-03,Saturday,13961212
348,1396/12/13,یکشنبه,0,2018-03-04,Sunday,13961213
349,1396/12/14,دوشنبه,0,2018-03-05,Monday,13961214
350,1396/12/15,سه شنبه,0,2018-03-06,Tuesday,13961215
351,1396/12/16,چهارشنبه,0,2018-03-07,Wednesday,13961216
352,1396/12/17,پنجشنبه,0,2018-03-08,Thursday,13961217
353,1396/12/18,جمعه,0,2018-03-09,Friday,13961218
354,1396/12/19,شنبه,0,2018-03-10,Saturday,13961219
355,1396/12/20,یکشنبه,0,2018-03-11,Sunday,13961220
356,1396/12/21,دوشنبه,0,2018-03-12,Monday,13961221
357,1396/12/22,سه شنبه,0,2018-03-13,Tuesday,13961222
358,1396/12/23,چهارشنبه,0,2018-03-14,Wednesday,13961223
359,1396/12/24,پنجشنبه,0,2018-03-15,Thursday,13961224
360,1396/12/25,جمعه,0,2018-03-16,Friday,13961225
361,1396/12/26,شنبه,0,2018-03-17,Saturday,13961226
362,1396/12/27,یکشنبه,0,2018-03-18,Sunday,13961227
363,1396/12/28,دوشنبه,0,2018-03-19,Monday,13961228
364,1396/12/29,سه شنبه,1,2018-03-20,Tuesday,13961229
365,1397/01/01,چهارشنبه,1,2018-03-21,Wednesday,13970101
366,1397/01/02,پنجشنبه,1,2018-03-22,Thursday,13970102
367,1397/01/03,جمعه,1,2018-03-23,Friday,13970103
368,1397/01/04,شنبه,1,2018-03-24,Saturday,13970104
369,1397/01/05,یکشنبه,0,2018-03-25,Sunday,13970105
370,1397/01/06,دوشنبه,0,2018-03-26,Monday,13970106
371,1397/01/07,سه شنبه,0,2018-03-27,Tuesday,13970107
372,1397/01/08,چهارشنبه,0,2018-03-28,Wednesday,13970108
373,1397/01/09,پنجشنبه,0,2018-03-29,Thursday,13970109
374,1397/01/10,جمعه,1,2018-03-30,Friday,13970110
375,1397/01/11,شنبه,1,2018-03-31,Saturday,13970111
376,1397/01/12,یکشنبه,1,2018-04-01,Sunday,13970112
377,1397/01/13,دوشنبه,1,2018-04-02,Monday,13970113
378,1397/01/14,سه شنبه,0,2018-04-03,Tuesday,13970114
379,1397/01/15,چهارشنبه,0,2018-04-04,Wednesday,13970115
380,1397/01/16,پنجشنبه,0,2018-04-05,Thursday,13970116
381,1397/01/17,جمعه,1,2018-04-06,Friday,13970117
382,1397/01/18,شنبه,0,2018-04-07,Saturday,13970118
383,1397/01/19,یکشنبه,0,2018-04-08,Sunday,13970119
384,1397/01/20,دوشنبه,0,2018-04-09,Monday,13970120
385,1397/01/21,سه شنبه,0,2018-04-10,Tuesday,13970121
386,1397/01/22,چهارشنبه,0,2018-04-11,Wednesday,13970122
387,1397/01/23,پنجشنبه,0,2018-04-12,Thursday,13970123
388,1397/01/24,جمعه,1,2018-04-13,Friday,13970124
389,1397/01/25,شنبه,1,2018-04-14,Saturday,13970125
390,1397/01/26,یکشنبه,0,2018-04-15,Sunday,13970126
391,1397/01/27,دوشنبه,0,2018-04-16,Monday,13970127
392,1397/01/28,سه شنبه,0,2018-04-17,Tuesday,13970128
393,1397/01/29,چهارشنبه,0,2018-04-18,Wednesday,13970129
394,1397/01/30,پنجشنبه,0,2018-04-19,Thursday,13970130
395,1397/01/31,جمعه,1,2018-04-20,Friday,13970131
396,1397/02/01,شنبه,0,2018-04-21,Saturday,13970201
397,1397/02/02,یکشنبه,0,2018-04-22,Sunday,13970202
398,1397/02/03,دوشنبه,0,2018-04-23,Monday,13970203
399,1397/02/04,سه شنبه,0,2018-04-24,Tuesday,13970204
400,1397/02/05,چهارشنبه,0,2018-04-25,Wednesday,13970205
401,1397/02/06,پنجشنبه,0,2018-04-26,Thursday,13970206
402,1397/02/07,جمعه,1,2018-04-27,Friday,13970207
403,1397/02/08,شنبه,0,2018-04-28,Saturday,13970208
404,1397/02/09,یکشنبه,0,2018-04-29,Sunday,13970209
405,1397/02/10,دوشنبه,0,2018-04-30,Monday,13970210
406,1397/02/11,سه شنبه,0,2018-05-01,Tuesday,13970211
407,1397/02/12,چهارشنبه,1,2018-05-02,Wednesday,13970212
408,1397/02/13,پنجشنبه,0,2018-05-03,Thursday,13970213
409,1397/02/14,جمعه,1,2018-05-04,Friday,13970214
410,1397/02/15,شنبه,0,2018-05-05,Saturday,13970215
411,1397/02/16,یکشنبه,0,2018-05-06,Sunday,13970216
412,1397/02/17,دوشنبه,0,2018-05-07,Monday,13970217
413,1397/02/18,سه شنبه,0,2018-05-08,Tuesday,13970218
414,1397/02/19,چهارشنبه,0,2018-05-09,Wednesday,13970219
415,1397/02/20,پنجشنبه,0,2018-05-10,Thursday,13970220
416,1397/02/21,جمعه,1,2018-05-11,Friday,13970221
417,1397/02/22,شنبه,0,2018-05-12,Saturday,13970222
418,1397/02/23,یکشنبه,0,2018-05-13,Sunday,13970223
419,1397/02/24,دوشنبه,0,2018-05-14,Monday,13970224
420,1397/02/25,سه شنبه,0,2018-05-15,Tuesday,13970225
421,1397/02/26,چهارشنبه,0,2018-05-16,Wednesday,13970226
422,1397/02/27,پنجشنبه,0,2018-05-17,Thursday,13970227
423,1397/02/28,جمعه,1,2018-05-18,Friday,13970228
424,1397/02/29,شنبه,0,2018-05-19,Saturday,13970229
425,1397/02/30,یکشنبه,0,2018-05-20,Sunday,13970230
426,1397/02/31,دوشنبه,0,2018-05-21,Monday,13970231
427,1397/03/01,سه شنبه,0,2018-05-22,Tuesday,13970301
428,1397/03/02,چهارشنبه,0,2018-05-23,Wednesday,13970302
429,1397/03/03,پنجشنبه,0,2018-05-24,Thursday,13970303
430,1397/03/04,جمعه,1,2018-05-25,Friday,13970304
431,1397/03/05,شنبه,0,2018-05-26,Saturday,13970305
432,1397/03/06,یکشنبه,0,2018-05-27,Sunday,13970306
433,1397/03/07,دوشنبه,0,2018-05-28,Monday,13970307
434,1397/03/08,سه شنبه,0,2018-05-29,Tuesday,13970308
435,1397/03/09,چهارشنبه,0,2018-05-30,Wednesday,13970309
436,1397/03/10,پنجشنبه,0,2018-05-31,Thursday,13970310
437,1397/03/11,جمعه,1,2018-06-01,Friday,13970311
438,1397/03/12,شنبه,0,2018-06-02,Saturday,13970312
439,1397/03/13,یکشنبه,0,2018-06-03,Sunday,13970313
440,1397/03/14,دوشنبه,1,2018-06-04,Monday,13970314
441,1397/03/15,سه شنبه,1,2018-06-05,Tuesday,13970315
442,1397/03/16,چهارشنبه,1,2018-06-06,Wednesday,13970316
443,1397/03/17,پنجشنبه,0,2018-06-07,Thursday,13970317
444,1397/03/18,جمعه,1,2018-06-08,Friday,13970318
445,1397/03/19,شنبه,0,2018-06-09,Saturday,13970319
446,1397/03/20,یکشنبه,0,2018-06-10,Sunday,13970320
447,1397/03/21,دوشنبه,0,2018-06-11,Monday,13970321
448,1397/03/22,سه شنبه,0,2018-06-12,Tuesday,13970322
449,1397/03/23,چهارشنبه,0,2018-06-13,Wednesday,13970323
450,1397/03/24,پنجشنبه,0,2018-06-14,Thursday,13970324
451,1397/03/25,جمعه,1,2018-06-15,Friday,13970325
452,1397/03/26,شنبه,1,2018-06-16,Saturday,13970326
453,1397/03/27,یکشنبه,0,2018-06-17,Sunday,13970327
454,1397/03/28,دوشنبه,0,2018-06-18,Monday,13970328
455,1397/03/29,سه شنبه,0,2018-06-19,Tuesday,13970329
456,1397/03/30,چهارشنبه,0,2018-06-20,Wednesday,13970330
457,1397/03/31,پنجشنبه,0,2018-06-21,Thursday,13970331
458,1397/04/01,جمعه,1,2018-06-22,Friday,13970401
459,1397/04/02,شنبه,0,2018-06-23,Saturday,13970402
460,1397/04/03,یکشنبه,0,2018-06-24,Sunday,13970403
461,1397/04/04,دوشنبه,0,2018-06-25,Monday,13970404
462,1397/04/05,سه شنبه,0,2018-06-26,Tuesday,13970405
463,1397/04/06,چهارشنبه,0,2018-06-27,Wednesday,13970406
464,1397/04/07,پنجشنبه,0,2018-06-28,Thursday,13970407
465,1397/04/08,جمعه,1,2018-06-29,Friday,13970408
466,1397/04/09,شنبه,0,2018-06-30,Saturday,13970409
467,1397/04/10,یکشنبه,0,2018-07-01,Sunday,13970410
468,1397/04/11,دوشنبه,0,2018-07-02,Monday,13970411
469,1397/04/12,سه شنبه,0,2018-07-03,Tuesday,13970412
470,1397/04/13,چهارشنبه,0,2018-07-04,Wednesday,13970413
471,1397/04/14,پنجشنبه,0,2018-07-05,Thursday,13970414
472,1397/04/15,جمعه,1,2018-07-06,Friday,13970415
473,1397/04/16,شنبه,0,2018-07-07,Saturday,13970416
474,1397/04/17,یکشنبه,0,2018-07-08,Sunday,13970417
475,1397/04/18,دوشنبه,1,2018-07-09,Monday,13970418
476,1397/04/19,سه شنبه,0,2018-07-10,Tuesday,13970419
477,1397/04/20,چهارشنبه,0,2018-07-11,Wednesday,13970420
478,1397/04/21,پنجشنبه,0,2018-07-12,Thursday,13970421
479,1397/04/22,جمعه,1,2018-07-13,Friday,13970422
480,1397/04/23,شنبه,0,2018-07-14,Saturday,13970423
481,1397/04/24,یکشنبه,0,2018-07-15,Sunday,13970424
482,1397/04/25,دوشنبه,0,2018-07-16,Monday,13970425
483,1397/04/26,سه شنبه,0,2018-07-17,Tuesday,13970426
484,1397/04/27,چهارشنبه,0,2018-07-18,Wednesday,13970427
485,1397/04/28,پنجشنبه,0,2018-07-19,Thursday,13970428
486,1397/04/29,جمعه,1,2018-07-20,Friday,13970429
487,1397/04/30,شنبه,0,2018-07-21,Saturday,13970430
488,1397/04/31,یکشنبه,0,2018-07-22,Sunday,13970431
489,1397/05/01,دوشنبه,0,2018-07-23,Monday,13970501
490,1397/05/02,سه شنبه,0,2018-07-24,Tuesday,13970502
491,1397/05/03,چهارشنبه,0,2018-07-25,Wednesday,13970503
492,1397/05/04,پنجشنبه,0,2018-07-26,Thursday,13970504
493,1397/05/05,جمعه,1,2018-07-27,Friday,13970505
494,1397/05/06,شنبه,0,2018-07-28,Saturday,13970506
495,1397/05/07,یکشنبه,0,2018-07-29,Sunday,13970507
496,1397/05/08,دوشنبه,0,2018-07-30,Monday,13970508
497,1397/05/09,سه شنبه,0,2018-07-31,Tuesday,13970509
498,1397/05/10,چهارشنبه,0,2018-08-01,Wednesday,13970510
499,1397/05/11,پنجشنبه,0,2018-08-02,Thursday,13970511
500,1397/05/12,جمعه,1,2018-08-03,Friday,13970512
501,1397/05/13,شنبه,0,2018-08-04,Saturday,13970513
502,1397/05/14,یکشنبه,0,2018-08-05,Sunday,13970514
503,1397/05/15,دوشنبه,0,2018-08-06,Monday,13970515
504,1397/05/16,سه شنبه,0,2018-08-07,Tuesday,13970516
505,1397/05/17,چهارشنبه,0,2018-08-08,Wednesday,13970517
506,1397/05/18,پنجشنبه,0,2018-08-09,Thursday,13970518
507,1397/05/19,جمعه,1,2018-08-10,Friday,13970519
508,1397/05/20,شنبه,0,2018-08-11,Saturday,13970520
509,1397/05/21,یکشنبه,0,2018-08-12,Sunday,13970521
510,1397/05/22,دوشنبه,0,2018-08-13,Monday,13970522
511,1397/05/23,سه شنبه,0,2018-08-14,Tuesday,13970523
512,1397/05/24,چهارشنبه,0,2018-08-15,Wednesday,13970524
513,1397/05/25,پنجشنبه,0,2018-08-16,Thursday,13970525
514,1397/05/26,جمعه,1,2018-08-17,Friday,13970526
515,1397/05/27,شنبه,0,2018-08-18,Saturday,13970527
516,1397/05/28,یکشنبه,0,2018-08-19,Sunday,13970528
517,1397/05/29,دوشنبه,0,2018-08-20,Monday,13970529
518,1397/05/30,سه شنبه,0,2018-08-21,Tuesday,13970530
519,1397/05/31,چهارشنبه,1,2018-08-22,Wednesday,13970531
520,1397/06/01,پنجشنبه,0,2018-08-23,Thursday,13970601
521,1397/06/02,جمعه,1,2018-08-24,Friday,13970602
522,1397/06/03,شنبه,0,2018-08-25,Saturday,13970603
523,1397/06/04,یکشنبه,0,2018-08-26,Sunday,13970604
524,1397/06/05,دوشنبه,0,2018-08-27,Monday,13970605
525,1397/06/06,سه شنبه,0,2018-08-28,Tuesday,13970606
526,1397/06/07,چهارشنبه,0,2018-08-29,Wednesday,13970607
527,1397/06/08,پنجشنبه,0,2018-08-30,Thursday,13970608
528,1397/06/09,جمعه,1,2018-08-31,Friday,13970609
529,1397/06/10,شنبه,0,2018-09-01,Saturday,13970610
530,1397/06/11,یکشنبه,0,2018-09-02,Sunday,13970611
531,1397/06/12,دوشنبه,0,2018-09-03,Monday,13970612
532,1397/06/13,سه شنبه,0,2018-09-04,Tuesday,13970613
533,1397/06/14,چهارشنبه,0,2018-09-05,Wednesday,13970614
534,1397/06/15,پنجشنبه,0,2018-09-06,Thursday,13970615
535,1397/06/16,جمعه,1,2018-09-07,Friday,13970616
536,1397/06/17,شنبه,0,2018-09-08,Saturday,13970617
537,1397/06/18,یکشنبه,0,2018-09-09,Sunday,13970618
538,1397/06/19,دوشنبه,0,2018-09-10,Monday,13970619
539,1397/06/20,سه شنبه,0,2018-09-11,Tuesday,13970620
540,1397/06/21,چهارشنبه,0,2018-09-12,Wednesday,13970621
541,1397/06/22,پنجشنبه,0,2018-09-13,Thursday,13970622
542,1397/06/23,جمعه,1,2018-09-14,Friday,13970623
543,1397/06/24,شنبه,0,2018-09-15,Saturday,13970624
544,1397/06/25,یکشنبه,0,2018-09-16,Sunday,13970625
545,1397/06/26,دوشنبه,0,2018-09-17,Monday,13970626
546,1397/06/27,سه شنبه,0,2018-09-18,Tuesday,13970627
547,1397/06/28,چهارشنبه,1,2018-09-19,Wednesday,13970628
548,1397/06/29,پنجشنبه,1,2018-09-20,Thursday,13970629
549,1397/06/30,جمعه,1,2018-09-21,Friday,13970630
550,1397/06/31,شنبه,0,2018-09-22,Saturday,13970631
551,1397/07/01,یکشنبه,0,2018-09-23,Sunday,13970701
552,1397/07/02,دوشنبه,0,2018-09-24,Monday,13970702
553,1397/07/03,سه شنبه,0,2018-09-25,Tuesday,13970703
554,1397/07/04,چهارشنبه,0,2018-09-26,Wednesday,13970704
555,1397/07/05,پنجشنبه,0,2018-09-27,Thursday,13970705
556,1397/07/06,جمعه,1,2018-09-28,Friday,13970706
557,1397/07/07,شنبه,0,2018-09-29,Saturday,13970707
558,1397/07/08,یکشنبه,0,2018-09-30,Sunday,13970708
559,1397/07/09,دوشنبه,0,2018-10-01,Monday,13970709
560,1397/07/10,سه شنبه,0,2018-10-02,Tuesday,13970710
561,1397/07/11,چهارشنبه,0,2018-10-03,Wednesday,13970711
562,1397/07/12,پنجشنبه,0,2018-10-04,Thursday,13970712
563,1397/07/13,جمعه,1,2018-10-05,Friday,13970713
564,1397/07/14,شنبه,0,2018-10-06,Saturday,13970714
565,1397/07/15,یکشنبه,0,2018-10-07,Sunday,13970715
566,1397/07/16,دوشنبه,0,2018-10-08,Monday,13970716
567,1397/07/17,سه شنبه,0,2018-10-09,Tuesday,13970717
568,1397/07/18,چهارشنبه,0,2018-10-10,Wednesday,13970718
569,1397/07/19,پنجشنبه,0,2018-10-11,Thursday,13970719
570,1397/07/20,جمعه,1,2018-10-12,Friday,13970720
571,1397/07/21,شنبه,0,2018-10-13,Saturday,13970721
572,1397/07/22,یکشنبه,0,2018-10-14,Sunday,13970722
573,1397/07/23,دوشنبه,0,2018-10-15,Monday,13970723
574,1397/07/24,سه شنبه,0,2018-10-16,Tuesday,13970724
575,1397/07/25,چهارشنبه,0,2018-10-17,Wednesday,13970725
576,1397/07/26,پنجشنبه,0,2018-10-18,Thursday,13970726
577,1397/07/27,جمعه,1,2018-10-19,Friday,13970727
578,1397/07/28,شنبه,0,2018-10-20,Saturday,13970728
579,1397/07/29,یکشنبه,0,2018-10-21,Sunday,13970729
580,1397/07/30,دوشنبه,0,2018-10-22,Monday,13970730
581,1397/08/01,سه شنبه,0,2018-10-23,Tuesday,13970801
582,1397/08/02,چهارشنبه,0,2018-10-24,Wednesday,13970802
583,1397/08/03,پنجشنبه,0,2018-10-25,Thursday,13970803
584,1397/08/04,جمعه,1,2018-10-26,Friday,13970804
585,1397/08/05,شنبه,0,2018-10-27,Saturday,13970805
586,1397/08/06,یکشنبه,0,2018-10-28,Sunday,13970806
587,1397/08/07,دوشنبه,0,2018-10-29,Monday,13970807
588,1397/08/08,سه شنبه,1,2018-10-30,Tuesday,13970808
589,1397/08/09,چهارشنبه,0,2018-10-31,Wednesday,13970809
590,1397/08/10,پنجشنبه,0,2018-11-01,Thursday,13970810
591,1397/08/11,جمعه,1,2018-11-02,Friday,13970811
592,1397/08/12,شنبه,0,2018-11-03,Saturday,13970812
593,1397/08/13,یکشنبه,0,2018-11-04,Sunday,13970813
594,1397/08/14,دوشنبه,0,2018-11-05,Monday,13970814
595,1397/08/15,سه شنبه,0,2018-11-06,Tuesday,13970815
596,1397/08/16,چهارشنبه,1,2018-11-07,Wednesday,13970816
597,1397/08/17,پنجشنبه,1,2018-11-08,Thursday,13970817
598,1397/08/18,جمعه,1,2018-11-09,Friday,13970818
599,1397/08/19,شنبه,0,2018-11-10,Saturday,13970819
600,1397/08/20,یکشنبه,0,2018-11-11,Sunday,13970820
601,1397/08/21,دوشنبه,0,2018-11-12,Monday,13970821
602,1397/08/22,سه شنبه,0,2018-11-13,Tuesday,13970822
603,1397/08/23,چهارشنبه,0,2018-11-14,Wednesday,13970823
604,1397/08/24,پنجشنبه,0,2018-11-15,Thursday,13970824
605,1397/08/25,جمعه,1,2018-11-16,Friday,13970825
606,1397/08/26,شنبه,0,2018-11-17,Saturday,13970826
607,1397/08/27,یکشنبه,0,2018-11-18,Sunday,13970827
608,1397/08/28,دوشنبه,0,2018-11-19,Monday,13970828
609,1397/08/29,سه شنبه,0,2018-11-20,Tuesday,13970829
610,1397/08/30,چهارشنبه,0,2018-11-21,Wednesday,13970830
611,1397/09/01,پنجشنبه,0,2018-11-22,Thursday,13970901
612,1397/09/02,جمعه,1,2018-11-23,Friday,13970902
613,1397/09/03,شنبه,0,2018-11-24,Saturday,13970903
614,1397/09/04,یکشنبه,1,2018-11-25,Sunday,13970904
615,1397/09/05,دوشنبه,0,2018-11-26,Monday,13970905
616,1397/09/06,سه شنبه,0,2018-11-27,Tuesday,13970906
617,1397/09/07,چهارشنبه,0,2018-11-28,Wednesday,13970907
618,1397/09/08,پنجشنبه,0,2018-11-29,Thursday,13970908
619,1397/09/09,جمعه,1,2018-11-30,Friday,13970909
620,1397/09/10,شنبه,0,2018-12-01,Saturday,13970910
621,1397/09/11,یکشنبه,0,2018-12-02,Sunday,13970911
622,1397/09/12,دوشنبه,0,2018-12-03,Monday,13970912
623,1397/09/13,سه شنبه,0,2018-12-04,Tuesday,13970913
624,1397/09/14,چهارشنبه,0,2018-12-05,Wednesday,13970914
625,1397/09/15,پنجشنبه,0,2018-12-06,Thursday,13970915
626,1397/09/16,جمعه,1,2018-12-07,Friday,13970916
627,1397/09/17,شنبه,0,2018-12-08,Saturday,13970917
628,1397/09/18,یکشنبه,0,2018-12-09,Sunday,13970918
629,1397/09/19,دوشنبه,0,2018-12-10,Monday,13970919
630,1397/09/20,سه شنبه,0,2018-12-11,Tuesday,13970920
631,1397/09/21,چهارشنبه,0,2018-12-12,Wednesday,13970921
632,1397/09/22,پنجشنبه,0,2018-12-13,Thursday,13970922
633,1397/09/23,جمعه,1,2018-12-14,Friday,13970923
634,1397/09/24,شنبه,0,2018-12-15,Saturday,13970924
635,1397/09/25,یکشنبه,0,2018-12-16,Sunday,13970925
636,1397/09/26,دوشنبه,0,2018-12-17,Monday,13970926
637,1397/09/27,سه شنبه,0,2018-12-18,Tuesday,13970927
638,1397/09/28,چهارشنبه,0,2018-12-19,Wednesday,13970928
639,1397/09/29,پنجشنبه,0,2018-12-20,Thursday,13970929
640,1397/09/30,جمعه,1,2018-12-21,Friday,13970930
641,1397/10/01,شنبه,0,2018-12-22,Saturday,13971001
642,1397/10/02,یکشنبه,0,2018-12-23,Sunday,13971002
643,1397/10/03,دوشنبه,0,2018-12-24,Monday,13971003
644,1397/10/04,سه شنبه,0,2018-12-25,Tuesday,13971004
645,1397/10/05,چهارشنبه,0,2018-12-26,Wednesday,13971005
646,1397/10/06,پنجشنبه,0,2018-12-27,Thursday,13971006
647,1397/10/07,جمعه,1,2018-12-28,Friday,13971007
648,1397/10/08,شنبه,0,2018-12-29,Saturday,13971008
649,1397/10/09,یکشنبه,0,2018-12-30,Sunday,13971009
650,1397/10/10,دوشنبه,0,2018-12-31,Monday,13971010
651,1397/10/11,سه شنبه,0,2019-01-01,Tuesday,13971011
652,1397/10/12,چهارشنبه,0,2019-01-02,Wednesday,13971012
653,1397/10/13,پنجشنبه,0,2019-01-03,Thursday,13971013
654,1397/10/14,جمعه,1,2019-01-04,Friday,13971014
655,1397/10/15,شنبه,0,2019-01-05,Saturday,13971015
656,1397/10/16,یکشنبه,0,2019-01-06,Sunday,13971016
657,1397/10/17,دوشنبه,0,2019-01-07,Monday,13971017
658,1397/10/18,سه شنبه,0,2019-01-08,Tuesday,13971018
659,1397/10/19,چهارشنبه,0,2019-01-09,Wednesday,13971019
660,1397/10/20,پنجشنبه,0,2019-01-10,Thursday,13971020
661,1397/10/21,جمعه,1,2019-01-11,Friday,13971021
662,1397/10/22,شنبه,0,2019-01-12,Saturday,13971022
663,1397/10/23,یکشنبه,0,2019-01-13,Sunday,13971023
664,1397/10/24,دوشنبه,0,2019-01-14,Monday,13971024
665,1397/10/25,سه شنبه,0,2019-01-15,Tuesday,13971025
666,1397/10/26,چهارشنبه,0,2019-01-16,Wednesday,13971026
667,1397/10/27,پنجشنبه,0,2019-01-17,Thursday,13971027
668,1397/10/28,جمعه,1,2019-01-18,Friday,13971028
669,1397/10/29,شنبه,0,2019-01-19,Saturday,13971029
670,1397/10/30,یکشنبه,0,2019-01-20,Sunday,13971030
671,1397/11/01,دوشنبه,0,2019-01-21,Monday,13971101
672,1397/11/02,سه شنبه,0,2019-01-22,Tuesday,13971102
673,1397/11/03,چهارشنبه,0,2019-01-23,Wednesday,13971103
674,1397/11/04,پنجشنبه,0,2019-01-24,Thursday,13971104
675,1397/11/05,جمعه,1,2019-01-25,Friday,13971105
676,1397/11/06,شنبه,0,2019-01-26,Saturday,13971106
677,1397/11/07,یکشنبه,0,2019-01-27,Sunday,13971107
678,1397/11/08,دوشنبه,0,2019-01-28,Monday,13971108
679,1397/11/09,سه شنبه,0,2019-01-29,Tuesday,13971109
680,1397/11/10,چهارشنبه,0,2019-01-30,Wednesday,13971110
681,1397/11/11,پنجشنبه,0,2019-01-31,Thursday,13971111
682,1397/11/12,جمعه,1,2019-02-01,Friday,13971112
683,1397/11/13,شنبه,0,2019-02-02,Saturday,13971113
684,1397/11/14,یکشنبه,0,2019-02-03,Sunday,13971114
685,1397/11/15,دوشنبه,0,2019-02-04,Monday,13971115
686,1397/11/16,سه شنبه,0,2019-02-05,Tuesday,13971116
687,1397/11/17,چهارشنبه,0,2019-02-06,Wednesday,13971117
688,1397/11/18,پنجشنبه,0,2019-02-07,Thursday,13971118
689,1397/11/19,جمعه,1,2019-02-08,Friday,13971119
690,1397/11/20,شنبه,1,2019-02-09,Saturday,13971120
691,1397/11/21,یکشنبه,0,2019-02-10,Sunday,13971121
692,1397/11/22,دوشنبه,1,2019-02-11,Monday,13971122
693,1397/11/23,سه شنبه,0,2019-02-12,Tuesday,13971123
694,1397/11/24,چهارشنبه,0,2019-02-13,Wednesday,13971124
695,1397/11/25,پنجشنبه,0,2019-02-14,Thursday,13971125
696,1397/11/26,جمعه,1,2019-02-15,Friday,13971126
697,1397/11/27,شنبه,0,2019-02-16,Saturday,13971127
698,1397/11/28,یکشنبه,0,2019-02-17,Sunday,13971128
699,1397/11/29,دوشنبه,0,2019-02-18,Monday,13971129
700,1397/11/30,سه شنبه,0,2019-02-19,Tuesday,13971130
701,1397/12/01,چهارشنبه,0,2019-02-20,Wednesday,13971201
702,1397/12/02,پنجشنبه,0,2019-02-21,Thursday,13971202
703,1397/12/03,جمعه,1,2019-02-22,Friday,13971203
704,1397/12/04,شنبه,0,2019-02-23,Saturday,13971204
705,1397/12/05,یکشنبه,0,2019-02-24,Sunday,13971205
706,1397/12/06,دوشنبه,0,2019-02-25,Monday,13971206
707,1397/12/07,سه شنبه,0,2019-02-26,Tuesday,13971207
708,1397/12/08,چهارشنبه,0,2019-02-27,Wednesday,13971208
709,1397/12/09,پنجشنبه,0,2019-02-28,Thursday,13971209
710,1397/12/10,جمعه,1,2019-03-01,Friday,13971210
711,1397/12/11,شنبه,0,2019-03-02,Saturday,13971211
712,1397/12/12,یکشنبه,0,2019-03-03,Sunday,13971212
713,1397/12/13,دوشنبه,0,2019-03-04,Monday,13971213
714,1397/12/14,سه شنبه,0,2019-03-05,Tuesday,13971214
715,1397/12/15,چهارشنبه,0,2019-03-06,Wednesday,13971215
716,1397/12/16,پنجشنبه,0,2019-03-07,Thursday,13971216
717,1397/12/17,جمعه,1,2019-03-08,Friday,13971217
718,1397/12/18,شنبه,0,2019-03-09,Saturday,13971218
719,1397/12/19,یکشنبه,0,2019-03-10,Sunday,13971219
720,1397/12/20,دوشنبه,0,2019-03-11,Monday,13971220
721,1397/12/21,سه شنبه,0,2019-03-12,Tuesday,13971221
722,1397/12/22,چهارشنبه,0,2019-03-13,Wednesday,13971222
723,1397/12/23,پنجشنبه,0,2019-03-14,Thursday,13971223
724,1397/12/24,جمعه,1,2019-03-15,Friday,13971224
725,1397/12/25,شنبه,0,2019-03-16,Saturday,13971225
726,1397/12/26,یکشنبه,0,2019-03-17,Sunday,13971226
727,1397/12/27,دوشنبه,0,2019-03-18,Monday,13971227
728,1397/12/28,سه شنبه,0,2019-03-19,Tuesday,13971228
729,1397/12/29,چهارشنبه,1,2019-03-20,Wednesday,13971229
730,1398/01/01,پنجشنبه,1,2019-03-21,Thursday,13980101
731,1398/01/02,جمعه,1,2019-03-22,Friday,13980102
732,1398/01/03,شنبه,1,2019-03-23,Saturday,13980103
733,1398/01/04,یکشنبه,1,2019-03-24,Sunday,13980104
734,1398/01/05,دوشنبه,0,2019-03-25,Monday,13980105
735,1398/01/06,سه شنبه,0,2019-03-26,Tuesday,13980106
736,1398/01/07,چهارشنبه,0,2019-03-27,Wednesday,13980107
737,1398/01/08,پنجشنبه,0,2019-03-28,Thursday,13980108
738,1398/01/09,جمعه,1,2019-03-29,Friday,13980109
739,1398/01/10,شنبه,0,2019-03-30,Saturday,13980110
740,1398/01/11,یکشنبه,0,2019-03-31,Sunday,13980111
741,1398/01/12,دوشنبه,1,2019-04-01,Monday,13980112
742,1398/01/13,سه شنبه,1,2019-04-02,Tuesday,13980113
743,1398/01/14,چهارشنبه,1,2019-04-03,Wednesday,13980114
744,1398/01/15,پنجشنبه,0,2019-04-04,Thursday,13980115
745,1398/01/16,جمعه,1,2019-04-05,Friday,13980116
746,1398/01/17,شنبه,0,2019-04-06,Saturday,13980117
747,1398/01/18,یکشنبه,0,2019-04-07,Sunday,13980118
748,1398/01/19,دوشنبه,0,2019-04-08,Monday,13980119
749,1398/01/20,سه شنبه,0,2019-04-09,Tuesday,13980120
750,1398/01/21,چهارشنبه,0,2019-04-10,Wednesday,13980121
751,1398/01/22,پنجشنبه,0,2019-04-11,Thursday,13980122
752,1398/01/23,جمعه,1,2019-04-12,Friday,13980123
753,1398/01/24,شنبه,0,2019-04-13,Saturday,13980124
754,1398/01/25,یکشنبه,0,2019-04-14,Sunday,13980125
755,1398/01/26,دوشنبه,0,2019-04-15,Monday,13980126
756,1398/01/27,سه شنبه,0,2019-04-16,Tuesday,13980127
757,1398/01/28,چهارشنبه,0,2019-04-17,Wednesday,13980128
758,1398/01/29,پنجشنبه,0,2019-04-18,Thursday,13980129
759,1398/01/30,جمعه,1,2019-04-19,Friday,13980130
760,1398/01/31,شنبه,0,2019-04-20,Saturday,13980131
761,1398/02/01,یکشنبه,1,2019-04-21,Sunday,13980201
762,1398/02/02,دوشنبه,0,2019-04-22,Monday,13980202
763,1398/02/03,سه شنبه,0,2019-04-23,Tuesday,13980203
764,1398/02/04,چهارشنبه,0,2019-04-24,Wednesday,13980204
765,1398/02/05,پنجشنبه,0,2019-04-25,Thursday,13980205
766,1398/02/06,جمعه,1,2019-04-26,Friday,13980206
767,1398/02/07,شنبه,0,2019-04-27,Saturday,13980207
768,1398/02/08,یکشنبه,0,2019-04-28,Sunday,13980208
769,1398/02/09,دوشنبه,0,2019-04-29,Monday,13980209
770,1398/02/10,سه شنبه,0,2019-04-30,Tuesday,13980210
771,1398/02/11,چهارشنبه,0,2019-05-01,Wednesday,13980211
772,1398/02/12,پنجشنبه,0,2019-05-02,Thursday,13980212
773,1398/02/13,جمعه,1,2019-05-03,Friday,13980213
774,1398/02/14,شنبه,0,2019-05-04,Saturday,13980214
775,1398/02/15,یکشنبه,0,2019-05-05,Sunday,13980215
776,1398/02/16,دوشنبه,0,2019-05-06,Monday,13980216
777,1398/02/17,سه شنبه,0,2019-05-07,Tuesday,13980217
778,1398/02/18,چهارشنبه,0,2019-05-08,Wednesday,13980218
779,1398/02/19,پنجشنبه,0,2019-05-09,Thursday,13980219
780,1398/02/20,جمعه,1,2019-05-10,Friday,13980220
781,1398/02/21,شنبه,0,2019-05-11,Saturday,13980221
782,1398/02/22,یکشنبه,0,2019-05-12,Sunday,13980222
783,1398/02/23,دوشنبه,0,2019-05-13,Monday,13980223
784,1398/02/24,سه شنبه,0,2019-05-14,Tuesday,13980224
785,1398/02/25,چهارشنبه,0,2019-05-15,Wednesday,13980225
786,1398/02/26,پنجشنبه,0,2019-05-16,Thursday,13980226
787,1398/02/27,جمعه,1,2019-05-17,Friday,13980227
788,1398/02/28,شنبه,0,2019-05-18,Saturday,13980228
789,1398/02/29,یکشنبه,0,2019-05-19,Sunday,13980229
790,1398/02/30,دوشنبه,0,2019-05-20,Monday,13980230
791,1398/02/31,سه شنبه,0,2019-05-21,Tuesday,13980231
792,1398/03/01,چهارشنبه,0,2019-05-22,Wednesday,13980301
793,1398/03/02,پنجشنبه,0,2019-05-23,Thursday,13980302
794,1398/03/03,جمعه,1,2019-05-24,Friday,13980303
795,1398/03/04,شنبه,0,2019-05-25,Saturday,13980304
796,1398/03/05,یکشنبه,0,2019-05-26,Sunday,13980305
797,1398/03/06,دوشنبه,1,2019-05-27,Monday,13980306
798,1398/03/07,سه شنبه,0,2019-05-28,Tuesday,13980307
799,1398/03/08,چهارشنبه,0,2019-05-29,Wednesday,13980308
800,1398/03/09,پنجشنبه,0,2019-05-30,Thursday,13980309
801,1398/03/10,جمعه,1,2019-05-31,Friday,13980310
802,1398/03/11,شنبه,0,2019-06-01,Saturday,13980311
803,1398/03/12,یکشنبه,0,2019-06-02,Sunday,13980312
804,1398/03/13,دوشنبه,0,2019-06-03,Monday,13980313
805,1398/03/14,سه شنبه,1,2019-06-04,Tuesday,13980314
806,1398/03/15,چهارشنبه,1,2019-06-05,Wednesday,13980315
807,1398/03/16,پنجشنبه,1,2019-06-06,Thursday,13980316
808,1398/03/17,جمعه,1,2019-06-07,Friday,13980317
809,1398/03/18,شنبه,0,2019-06-08,Saturday,13980318
810,1398/03/19,یکشنبه,0,2019-06-09,Sunday,13980319
811,1398/03/20,دوشنبه,0,2019-06-10,Monday,13980320
812,1398/03/21,سه شنبه,0,2019-06-11,Tuesday,13980321
813,1398/03/22,چهارشنبه,0,2019-06-12,Wednesday,13980322
814,1398/03/23,پنجشنبه,0,2019-06-13,Thursday,13980323
815,1398/03/24,جمعه,1,2019-06-14,Friday,13980324
816,1398/03/25,شنبه,0,2019-06-15,Saturday,13980325
817,1398/03/26,یکشنبه,0,2019-06-16,Sunday,13980326
818,1398/03/27,دوشنبه,0,2019-06-17,Monday,13980327
819,1398/03/28,سه شنبه,0,2019-06-18,Tuesday,13980328
820,1398/03/29,چهارشنبه,0,2019-06-19,Wednesday,13980329
821,1398/03/30,پنجشنبه,0,2019-06-20,Thursday,13980330
822,1398/03/31,جمعه,1,2019-06-21,Friday,13980331
823,1398/04/01,شنبه,0,2019-06-22,Saturday,13980401
824,1398/04/02,یکشنبه,0,2019-06-23,Sunday,13980402
825,1398/04/03,دوشنبه,0,2019-06-24,Monday,13980403
826,1398/04/04,سه شنبه,0,2019-06-25,Tuesday,13980404
827,1398/04/05,چهارشنبه,0,2019-06-26,Wednesday,13980405
828,1398/04/06,پنجشنبه,0,2019-06-27,Thursday,13980406
829,1398/04/07,جمعه,1,2019-06-28,Friday,13980407
830,1398/04/08,شنبه,1,2019-06-29,Saturday,13980408
831,1398/04/09,یکشنبه,0,2019-06-30,Sunday,13980409
832,1398/04/10,دوشنبه,0,2019-07-01,Monday,13980410
833,1398/04/11,سه شنبه,0,2019-07-02,Tuesday,13980411
834,1398/04/12,چهارشنبه,0,2019-07-03,Wednesday,13980412
835,1398/04/13,پنجشنبه,0,2019-07-04,Thursday,13980413
836,1398/04/14,جمعه,1,2019-07-05,Friday,13980414
837,1398/04/15,شنبه,0,2019-07-06,Saturday,13980415
838,1398/04/16,یکشنبه,0,2019-07-07,Sunday,13980416
839,1398/04/17,دوشنبه,0,2019-07-08,Monday,13980417
840,1398/04/18,سه شنبه,0,2019-07-09,Tuesday,13980418
841,1398/04/19,چهارشنبه,0,2019-07-10,Wednesday,13980419
842,1398/04/20,پنجشنبه,0,2019-07-11,Thursday,13980420
843,1398/04/21,جمعه,1,2019-07-12,Friday,13980421
844,1398/04/22,شنبه,0,2019-07-13,Saturday,13980422
845,1398/04/23,یکشنبه,0,2019-07-14,Sunday,13980423
846,1398/04/24,دوشنبه,0,2019-07-15,Monday,13980424
847,1398/04/25,سه شنبه,0,2019-07-16,Tuesday,13980425
848,1398/04/26,چهارشنبه,0,2019-07-17,Wednesday,13980426
849,1398/04/27,پنجشنبه,0,2019-07-18,Thursday,13980427
850,1398/04/28,جمعه,1,2019-07-19,Friday,13980428
851,1398/04/29,شنبه,0,2019-07-20,Saturday,13980429
852,1398/04/30,یکشنبه,0,2019-07-21,Sunday,13980430
853,1398/04/31,دوشنبه,0,2019-07-22,Monday,13980431
854,1398/05/01,سه شنبه,0,2019-07-23,Tuesday,13980501
855,1398/05/02,چهارشنبه,0,2019-07-24,Wednesday,13980502
856,1398/05/03,پنجشنبه,0,2019-07-25,Thursday,13980503
857,1398/05/04,جمعه,1,2019-07-26,Friday,13980504
858,1398/05/05,شنبه,0,2019-07-27,Saturday,13980505
859,1398/05/06,یکشنبه,0,2019-07-28,Sunday,13980506
860,1398/05/07,دوشنبه,0,2019-07-29,Monday,13980507
861,1398/05/08,سه شنبه,0,2019-07-30,Tuesday,13980508
862,1398/05/09,چهارشنبه,0,2019-07-31,Wednesday,13980509
863,1398/05/10,پنجشنبه,0,2019-08-01,Thursday,13980510
864,1398/05/11,جمعه,1,2019-08-02,Friday,13980511
865,1398/05/12,شنبه,0,2019-08-03,Saturday,13980512
866,1398/05/13,یکشنبه,0,2019-08-04,Sunday,13980513
867,1398/05/14,دوشنبه,0,2019-08-05,Monday,13980514
868,1398/05/15,سه شنبه,0,2019-08-06,Tuesday,13980515
869,1398/05/16,چهارشنبه,0,2019-08-07,Wednesday,13980516
870,1398/05/17,پنجشنبه,0,2019-08-08,Thursday,13980517
871,1398/05/18,جمعه,1,2019-08-09,Friday,13980518
872,1398/05/19,شنبه,0,2019-08-10,Saturday,13980519
873,1398/05/20,یکشنبه,0,2019-08-11,Sunday,13980520
874,1398/05/21,دوشنبه,1,2019-08-12,Monday,13980521
875,1398/05/22,سه شنبه,0,2019-08-13,Tuesday,13980522
876,1398/05/23,چهارشنبه,0,2019-08-14,Wednesday,13980523
877,1398/05/24,پنجشنبه,0,2019-08-15,Thursday,13980524
878,1398/05/25,جمعه,1,2019-08-16,Friday,13980525
879,1398/05/26,شنبه,0,2019-08-17,Saturday,13980526
880,1398/05/27,یکشنبه,0,2019-08-18,Sunday,13980527
881,1398/05/28,دوشنبه,0,2019-08-19,Monday,13980528
882,1398/05/29,سه شنبه,1,2019-08-20,Tuesday,13980529
883,1398/05/30,چهارشنبه,0,2019-08-21,Wednesday,13980530
884,1398/05/31,پنجشنبه,0,2019-08-22,Thursday,13980531
885,1398/06/01,جمعه,1,2019-08-23,Friday,13980601
886,1398/06/02,شنبه,0,2019-08-24,Saturday,13980602
887,1398/06/03,یکشنبه,0,2019-08-25,Sunday,13980603
888,1398/06/04,دوشنبه,0,2019-08-26,Monday,13980604
889,1398/06/05,سه شنبه,0,2019-08-27,Tuesday,13980605
890,1398/06/06,چهارشنبه,0,2019-08-28,Wednesday,13980606
891,1398/06/07,پنجشنبه,0,2019-08-29,Thursday,13980607
892,1398/06/08,جمعه,1,2019-08-30,Friday,13980608
893,1398/06/09,شنبه,0,2019-08-31,Saturday,13980609
894,1398/06/10,یکشنبه,0,2019-09-01,Sunday,13980610
895,1398/06/11,دوشنبه,0,2019-09-02,Monday,13980611
896,1398/06/12,سه شنبه,0,2019-09-03,Tuesday,13980612
897,1398/06/13,چهارشنبه,0,2019-09-04,Wednesday,13980613
898,1398/06/14,پنجشنبه,0,2019-09-05,Thursday,13980614
899,1398/06/15,جمعه,1,2019-09-06,Friday,13980615
900,1398/06/16,شنبه,0,2019-09-07,Saturday,13980616
901,1398/06/17,یکشنبه,0,2019-09-08,Sunday,13980617
902,1398/06/18,دوشنبه,1,2019-09-09,Monday,13980618
903,1398/06/19,سه شنبه,1,2019-09-10,Tuesday,13980619
904,1398/06/20,چهارشنبه,0,2019-09-11,Wednesday,13980620
905,1398/06/21,پنجشنبه,0,2019-09-12,Thursday,13980621
906,1398/06/22,جمعه,1,2019-09-13,Friday,13980622
907,1398/06/23,شنبه,0,2019-09-14,Saturday,13980623
908,1398/06/24,یکشنبه,0,2019-09-15,Sunday,13980624
909,1398/06/25,دوشنبه,0,2019-09-16,Monday,13980625
910,1398/06/26,سه شنبه,0,2019-09-17,Tuesday,13980626
911,1398/06/27,چهارشنبه,0,2019-09-18,Wednesday,13980627
912,1398/06/28,پنجشنبه,0,2019-09-19,Thursday,13980628
913,1398/06/29,جمعه,1,2019-09-20,Friday,13980629
914,1398/06/30,شنبه,0,2019-09-21,Saturday,13980630
915,1398/06/31,یکشنبه,0,2019-09-22,Sunday,13980631
916,1398/07/01,دوشنبه,0,2019-09-23,Monday,13980701
917,1398/07/02,سه شنبه,0,2019-09-24,Tuesday,13980702
918,1398/07/03,چهارشنبه,0,2019-09-25,Wednesday,13980703
919,1398/07/04,پنجشنبه,0,2019-09-26,Thursday,13980704
920,1398/07/05,جمعه,1,2019-09-27,Friday,13980705
921,1398/07/06,شنبه,0,2019-09-28,Saturday,13980706
922,1398/07/07,یکشنبه,0,2019-09-29,Sunday,13980707
923,1398/07/08,دوشنبه,0,2019-09-30,Monday,13980708
924,1398/07/09,سه شنبه,0,2019-10-01,Tuesday,13980709
925,1398/07/10,چهارشنبه,0,2019-10-02,Wednesday,13980710
926,1398/07/11,پنجشنبه,0,2019-10-03,Thursday,13980711
927,1398/07/12,جمعه,1,2019-10-04,Friday,13980712
928,1398/07/13,شنبه,0,2019-10-05,Saturday,13980713
929,1398/07/14,یکشنبه,0,2019-10-06,Sunday,13980714
930,1398/07/15,دوشنبه,0,2019-10-07,Monday,13980715
931,1398/07/16,سه شنبه,0,2019-10-08,Tuesday,13980716
932,1398/07/17,چهارشنبه,0,2019-10-09,Wednesday,13980717
933,1398/07/18,پنجشنبه,0,2019-10-10,Thursday,13980718
934,1398/07/19,جمعه,1,2019-10-11,Friday,13980719
935,1398/07/20,شنبه,0,2019-10-12,Saturday,13980720
936,1398/07/21,یکشنبه,0,2019-10-13,Sunday,13980721
937,1398/07/22,دوشنبه,0,2019-10-14,Monday,13980722
938,1398/07/23,سه شنبه,0,2019-10-15,Tuesday,13980723
939,1398/07/24,چهارشنبه,0,2019-10-16,Wednesday,13980724
940,1398/07/25,پنجشنبه,0,2019-10-17,Thursday,13980725
941,1398/07/26,جمعه,1,2019-10-18,Friday,13980726
942,1398/07/27,شنبه,1,2019-10-19,Saturday,13980727
943,1398/07/28,یکشنبه,0,2019-10-20,Sunday,13980728
944,1398/07/29,دوشنبه,0,2019-10-21,Monday,13980729
945,1398/07/30,سه شنبه,0,2019-10-22,Tuesday,13980730
946,1398/08/01,چهارشنبه,0,2019-10-23,Wednesday,13980801
947,1398/08/02,پنجشنبه,0,2019-10-24,Thursday,13980802
948,1398/08/03,جمعه,1,2019-10-25,Friday,13980803
949,1398/08/04,شنبه,0,2019-10-26,Saturday,13980804
950,1398/08/05,یکشنبه,1,2019-10-27,Sunday,13980805
951,1398/08/06,دوشنبه,0,2019-10-28,Monday,13980806
952,1398/08/07,سه شنبه,1,2019-10-29,Tuesday,13980807
953,1398/08/08,چهارشنبه,0,2019-10-30,Wednesday,13980808
954,1398/08/09,پنجشنبه,0,2019-10-31,Thursday,13980809
955,1398/08/10,جمعه,1,2019-11-01,Friday,13980810
956,1398/08/11,شنبه,0,2019-11-02,Saturday,13980811
957,1398/08/12,یکشنبه,0,2019-11-03,Sunday,13980812
958,1398/08/13,دوشنبه,0,2019-11-04,Monday,13980813
959,1398/08/14,سه شنبه,0,2019-11-05,Tuesday,13980814
960,1398/08/15,چهارشنبه,1,2019-11-06,Wednesday,13980815
961,1398/08/16,پنجشنبه,0,2019-11-07,Thursday,13980816
962,1398/08/17,جمعه,1,2019-11-08,Friday,13980817
963,1398/08/18,شنبه,0,2019-11-09,Saturday,13980818
964,1398/08/19,یکشنبه,0,2019-11-10,Sunday,13980819
965,1398/08/20,دوشنبه,0,2019-11-11,Monday,13980820
966,1398/08/21,سه شنبه,0,2019-11-12,Tuesday,13980821
967,1398/08/22,چهارشنبه,0,2019-11-13,Wednesday,13980822
968,1398/08/23,پنجشنبه,0,2019-11-14,Thursday,13980823
969,1398/08/24,جمعه,1,2019-11-15,Friday,13980824
970,1398/08/25,شنبه,0,2019-11-16,Saturday,13980825
971,1398/08/26,یکشنبه,0,2019-11-17,Sunday,13980826
972,1398/08/27,دوشنبه,0,2019-11-18,Monday,13980827
973,1398/08/28,سه شنبه,0,2019-11-19,Tuesday,13980828
974,1398/08/29,چهارشنبه,0,2019-11-20,Wednesday,13980829
975,1398/08/30,پنجشنبه,0,2019-11-21,Thursday,13980830
976,1398/09/01,جمعه,1,2019-11-22,Friday,13980901
977,1398/09/02,شنبه,0,2019-11-23,Saturday,13980902
978,1398/09/03,یکشنبه,0,2019-11-24,Sunday,13980903
979,1398/09/04,دوشنبه,0,2019-11-25,Monday,13980904
980,1398/09/05,سه شنبه,0,2019-11-26,Tuesday,13980905
981,1398/09/06,چهارشنبه,0,2019-11-27,Wednesday,13980906
982,1398/09/07,پنجشنبه,0,2019-11-28,Thursday,13980907
983,1398/09/08,جمعه,1,2019-11-29,Friday,13980908
984,1398/09/09,شنبه,0,2019-11-30,Saturday,13980909
985,1398/09/10,یکشنبه,0,2019-12-01,Sunday,13980910
986,1398/09/11,دوشنبه,0,2019-12-02,Monday,13980911
987,1398/09/12,سه شنبه,0,2019-12-03,Tuesday,13980912
988,1398/09/13,چهارشنبه,0,2019-12-04,Wednesday,13980913
989,1398/09/14,پنجشنبه,0,2019-12-05,Thursday,13980914
990,1398/09/15,جمعه,1,2019-12-06,Friday,13980915
991,1398/09/16,شنبه,0,2019-12-07,Saturday,13980916
992,1398/09/17,یکشنبه,0,2019-12-08,Sunday,13980917
993,1398/09/18,دوشنبه,0,2019-12-09,Monday,13980918
994,1398/09/19,سه شنبه,0,2019-12-10,Tuesday,13980919
995,1398/09/20,چهارشنبه,0,2019-12-11,Wednesday,13980920
996,1398/09/21,پنجشنبه,0,2019-12-12,Thursday,13980921
997,1398/09/22,جمعه,1,2019-12-13,Friday,13980922
998,1398/09/23,شنبه,0,2019-12-14,Saturday,13980923
999,1398/09/24,یکشنبه,0,2019-12-15,Sunday,13980924
1000,1398/09/25,دوشنبه,0,2019-12-16,Monday,13980925
1001,1398/09/26,سه شنبه,0,2019-12-17,Tuesday,13980926
1002,1398/09/27,چهارشنبه,0,2019-12-18,Wednesday,13980927
1003,1398/09/28,پنجشنبه,0,2019-12-19,Thursday,13980928
1004,1398/09/29,جمعه,1,2019-12-20,Friday,13980929
1005,1398/09/30,شنبه,0,2019-12-21,Saturday,13980930
1006,1398/10/01,یکشنبه,0,2019-12-22,Sunday,13981001
1007,1398/10/02,دوشنبه,0,2019-12-23,Monday,13981002
1008,1398/10/03,سه شنبه,0,2019-12-24,Tuesday,13981003
1009,1398/10/04,چهارشنبه,0,2019-12-25,Wednesday,13981004
1010,1398/10/05,پنجشنبه,0,2019-12-26,Thursday,13981005
1011,1398/10/06,جمعه,1,2019-12-27,Friday,13981006
1012,1398/10/07,شنبه,0,2019-12-28,Saturday,13981007
1013,1398/10/08,یکشنبه,0,2019-12-29,Sunday,13981008
1014,1398/10/09,دوشنبه,0,2019-12-30,Monday,13981009
1015,1398/10/10,سه شنبه,0,2019-12-31,Tuesday,13981010
1016,1398/10/11,چهارشنبه,0,2020-01-01,Wednesday,13981011
1017,1398/10/12,پنجشنبه,0,2020-01-02,Thursday,13981012
1018,1398/10/13,جمعه,1,2020-01-03,Friday,13981013
1019,1398/10/14,شنبه,0,2020-01-04,Saturday,13981014
1020,1398/10/15,یکشنبه,0,2020-01-05,Sunday,13981015
1021,1398/10/16,دوشنبه,0,2020-01-06,Monday,13981016
1022,1398/10/17,سه شنبه,0,2020-01-07,Tuesday,13981017
1023,1398/10/18,چهارشنبه,0,2020-01-08,Wednesday,13981018
1024,1398/10/19,پنجشنبه,0,2020-01-09,Thursday,13981019
1025,1398/10/20,جمعه,1,2020-01-10,Friday,13981020
1026,1398/10/21,شنبه,0,2020-01-11,Saturday,13981021
1027,1398/10/22,یکشنبه,0,2020-01-12,Sunday,13981022
1028,1398/10/23,دوشنبه,0,2020-01-13,Monday,13981023
1029,1398/10/24,سه شنبه,0,2020-01-14,Tuesday,13981024
1030,1398/10/25,چهارشنبه,0,2020-01-15,Wednesday,13981025
1031,1398/10/26,پنجشنبه,0,2020-01-16,Thursday,13981026
1032,1398/10/27,جمعه,1,2020-01-17,Friday,13981027
1033,1398/10/28,شنبه,0,2020-01-18,Saturday,13981028
1034,1398/10/29,یکشنبه,0,2020-01-19,Sunday,13981029
1035,1398/10/30,دوشنبه,0,2020-01-20,Monday,13981030
1036,1398/11/01,سه شنبه,0,2020-01-21,Tuesday,13981101
1037,1398/11/02,چهارشنبه,0,2020-01-22,Wednesday,13981102
1038,1398/11/03,پنجشنبه,0,2020-01-23,Thursday,13981103
1039,1398/11/04,جمعه,1,2020-01-24,Friday,13981104
1040,1398/11/05,شنبه,0,2020-01-25,Saturday,13981105
1041,1398/11/06,یکشنبه,0,2020-01-26,Sunday,13981106
1042,1398/11/07,دوشنبه,0,2020-01-27,Monday,13981107
1043,1398/11/08,سه شنبه,0,2020-01-28,Tuesday,13981108
1044,1398/11/09,چهارشنبه,1,2020-01-29,Wednesday,13981109
1045,1398/11/10,پنجشنبه,0,2020-01-30,Thursday,13981110
1046,1398/11/11,جمعه,1,2020-01-31,Friday,13981111
1047,1398/11/12,شنبه,0,2020-02-01,Saturday,13981112
1048,1398/11/13,یکشنبه,0,2020-02-02,Sunday,13981113
1049,1398/11/14,دوشنبه,0,2020-02-03,Monday,13981114
1050,1398/11/15,سه شنبه,0,2020-02-04,Tuesday,13981115
1051,1398/11/16,چهارشنبه,0,2020-02-05,Wednesday,13981116
1052,1398/11/17,پنجشنبه,0,2020-02-06,Thursday,13981117
1053,1398/11/18,جمعه,1,2020-02-07,Friday,13981118
1054,1398/11/19,شنبه,0,2020-02-08,Saturday,13981119
1055,1398/11/20,یکشنبه,0,2020-02-09,Sunday,13981120
1056,1398/11/21,دوشنبه,0,2020-02-10,Monday,13981121
1057,1398/11/22,سه شنبه,1,2020-02-11,Tuesday,13981122
1058,1398/11/23,چهارشنبه,0,2020-02-12,Wednesday,13981123
1059,1398/11/24,پنجشنبه,0,2020-02-13,Thursday,13981124
1060,1398/11/25,جمعه,1,2020-02-14,Friday,13981125
1061,1398/11/26,شنبه,0,2020-02-15,Saturday,13981126
1062,1398/11/27,یکشنبه,0,2020-02-16,Sunday,13981127
1063,1398/11/28,دوشنبه,0,2020-02-17,Monday,13981128
1064,1398/11/29,سه شنبه,0,2020-02-18,Tuesday,13981129
1065,1398/11/30,چهارشنبه,0,2020-02-19,Wednesday,13981130
1066,1398/12/01,پنجشنبه,0,2020-02-20,Thursday,13981201
1067,1398/12/02,جمعه,1,2020-02-21,Friday,13981202
1068,1398/12/03,شنبه,0,2020-02-22,Saturday,13981203
1069,1398/12/04,یکشنبه,0,2020-02-23,Sunday,13981204
1070,1398/12/05,دوشنبه,0,2020-02-24,Monday,13981205
1071,1398/12/06,سه شنبه,0,2020-02-25,Tuesday,13981206
1072,1398/12/07,چهارشنبه,0,2020-02-26,Wednesday,13981207
1073,1398/12/08,پنجشنبه,0,2020-02-27,Thursday,13981208
1074,1398/12/09,جمعه,1,2020-02-28,Friday,13981209
1075,1398/12/10,شنبه,0,2020-02-29,Saturday,13981210
1076,1398/12/11,یکشنبه,0,2020-03-01,Sunday,13981211
1077,1398/12/12,دوشنبه,0,2020-03-02,Monday,13981212
1078,1398/12/13,سه شنبه,0,2020-03-03,Tuesday,13981213
1079,1398/12/14,چهارشنبه,0,2020-03-04,Wednesday,13981214
1080,1398/12/15,پنجشنبه,0,2020-03-05,Thursday,13981215
1081,1398/12/16,جمعه,1,2020-03-06,Friday,13981216
1082,1398/12/17,شنبه,0,2020-03-07,Saturday,13981217
1083,1398/12/18,یکشنبه,1,2020-03-08,Sunday,13981218
1084,1398/12/19,دوشنبه,0,2020-03-09,Monday,13981219
1085,1398/12/20,سه شنبه,0,2020-03-10,Tuesday,13981220
1086,1398/12/21,چهارشنبه,0,2020-03-11,Wednesday,13981221
1087,1398/12/22,پنجشنبه,0,2020-03-12,Thursday,13981222
1088,1398/12/23,جمعه,1,2020-03-13,Friday,13981223
1089,1398/12/24,شنبه,0,2020-03-14,Saturday,13981224
1090,1398/12/25,یکشنبه,0,2020-03-15,Sunday,13981225
1091,1398/12/26,دوشنبه,0,2020-03-16,Monday,13981226
1092,1398/12/27,سه شنبه,0,2020-03-17,Tuesday,13981227
1093,1398/12/28,چهارشنبه,0,2020-03-18,Wednesday,13981228
1094,1398/12/29,پنجشنبه,1,2020-03-19,Thursday,13981229
1095,1399/01/01,جمعه,1,2020-03-20,Friday,13990101
1096,1399/01/02,شنبه,1,2020-03-21,Saturday,13990102
1097,1399/01/03,یکشنبه,1,2020-03-22,Sunday,13990103
1098,1399/01/04,دوشنبه,1,2020-03-23,Monday,13990104
1099,1399/01/05,سه شنبه,0,2020-03-24,Tuesday,13990105
1100,1399/01/06,چهارشنبه,0,2020-03-25,Wednesday,13990106
1101,1399/01/07,پنجشنبه,0,2020-03-26,Thursday,13990107
1102,1399/01/08,جمعه,1,2020-03-27,Friday,13990108
1103,1399/01/09,شنبه,0,2020-03-28,Saturday,13990109
1104,1399/01/10,یکشنبه,0,2020-03-29,Sunday,13990110
1105,1399/01/11,دوشنبه,0,2020-03-30,Monday,13990111
1106,1399/01/12,سه شنبه,1,2020-03-31,Tuesday,13990112
1107,1399/01/13,چهارشنبه,1,2020-04-01,Wednesday,13990113
1108,1399/01/14,پنجشنبه,0,2020-04-02,Thursday,13990114
1109,1399/01/15,جمعه,1,2020-04-03,Friday,13990115
1110,1399/01/16,شنبه,0,2020-04-04,Saturday,13990116
1111,1399/01/17,یکشنبه,0,2020-04-05,Sunday,13990117
1112,1399/01/18,دوشنبه,0,2020-04-06,Monday,13990118
1113,1399/01/19,سه شنبه,0,2020-04-07,Tuesday,13990119
1114,1399/01/20,چهارشنبه,0,2020-04-08,Wednesday,13990120
1115,1399/01/21,پنجشنبه,1,2020-04-09,Thursday,13990121
1116,1399/01/22,جمعه,1,2020-04-10,Friday,13990122
1117,1399/01/23,شنبه,0,2020-04-11,Saturday,13990123
1118,1399/01/24,یکشنبه,0,2020-04-12,Sunday,13990124
1119,1399/01/25,دوشنبه,0,2020-04-13,Monday,13990125
1120,1399/01/26,سه شنبه,0,2020-04-14,Tuesday,13990126
1121,1399/01/27,چهارشنبه,0,2020-04-15,Wednesday,13990127
1122,1399/01/28,پنجشنبه,0,2020-04-16,Thursday,13990128
1123,1399/01/29,جمعه,1,2020-04-17,Friday,13990129
1124,1399/01/30,شنبه,0,2020-04-18,Saturday,13990130
1125,1399/01/31,یکشنبه,0,2020-04-19,Sunday,13990131
1126,1399/02/01,دوشنبه,0,2020-04-20,Monday,13990201
1127,1399/02/02,سه شنبه,0,2020-04-21,Tuesday,13990202
1128,1399/02/03,چهارشنبه,0,2020-04-22,Wednesday,13990203
1129,1399/02/04,پنجشنبه,0,2020-04-23,Thursday,13990204
1130,1399/02/05,جمعه,1,2020-04-24,Friday,13990205
1131,1399/02/06,شنبه,0,2020-04-25,Saturday,13990206
1132,1399/02/07,یکشنبه,0,2020-04-26,Sunday,13990207
1133,1399/02/08,دوشنبه,0,2020-04-27,Monday,13990208
1134,1399/02/09,سه شنبه,0,2020-04-28,Tuesday,13990209
1135,1399/02/10,چهارشنبه,0,2020-04-29,Wednesday,13990210
1136,1399/02/11,پنجشنبه,0,2020-04-30,Thursday,13990211
1137,1399/02/12,جمعه,1,2020-05-01,Friday,13990212
1138,1399/02/13,شنبه,0,2020-05-02,Saturday,13990213
1139,1399/02/14,یکشنبه,0,2020-05-03,Sunday,13990214
1140,1399/02/15,دوشنبه,0,2020-05-04,Monday,13990215
1141,1399/02/16,سه شنبه,0,2020-05-05,Tuesday,13990216
1142,1399/02/17,چهارشنبه,0,2020-05-06,Wednesday,13990217
1143,1399/02/18,پنجشنبه,0,2020-05-07,Thursday,13990218
1144,1399/02/19,جمعه,1,2020-05-08,Friday,13990219
1145,1399/02/20,شنبه,0,2020-05-09,Saturday,13990220
1146,1399/02/21,یکشنبه,0,2020-05-10,Sunday,13990221
1147,1399/02/22,دوشنبه,0,2020-05-11,Monday,13990222
1148,1399/02/23,سه شنبه,0,2020-05-12,Tuesday,13990223
1149,1399/02/24,چهارشنبه,0,2020-05-13,Wednesday,13990224
1150,1399/02/25,پنجشنبه,0,2020-05-14,Thursday,13990225
1151,1399/02/26,جمعه,1,2020-05-15,Friday,13990226
1152,1399/02/27,شنبه,0,2020-05-16,Saturday,13990227
1153,1399/02/28,یکشنبه,0,2020-05-17,Sunday,13990228
1154,1399/02/29,دوشنبه,0,2020-05-18,Monday,13990229
1155,1399/02/30,سه شنبه,0,2020-05-19,Tuesday,13990230
1156,1399/02/31,چهارشنبه,0,2020-05-20,Wednesday,13990231
1157,1399/03/01,پنجشنبه,0,2020-05-21,Thursday,13990301
1158,1399/03/02,جمعه,1,2020-05-22,Friday,13990302
1159,1399/03/03,شنبه,0,2020-05-23,Saturday,13990303
1160,1399/03/04,یکشنبه,1,2020-05-24,Sunday,13990304
1161,1399/03/05,دوشنبه,1,2020-05-25,Monday,13990305
1162,1399/03/06,سه شنبه,0,2020-05-26,Tuesday,13990306
1163,1399/03/07,چهارشنبه,0,2020-05-27,Wednesday,13990307
1164,1399/03/08,پنجشنبه,0,2020-05-28,Thursday,13990308
1165,1399/03/09,جمعه,1,2020-05-29,Friday,13990309
1166,1399/03/10,شنبه,0,2020-05-30,Saturday,13990310
1167,1399/03/11,یکشنبه,0,2020-05-31,Sunday,13990311
1168,1399/03/12,دوشنبه,0,2020-06-01,Monday,13990312
1169,1399/03/13,سه شنبه,0,2020-06-02,Tuesday,13990313
1170,1399/03/14,چهارشنبه,1,2020-06-03,Wednesday,13990314
1171,1399/03/15,پنجشنبه,1,2020-06-04,Thursday,13990315
1172,1399/03/16,جمعه,1,2020-06-05,Friday,13990316
1173,1399/03/17,شنبه,0,2020-06-06,Saturday,13990317
1174,1399/03/18,یکشنبه,0,2020-06-07,Sunday,13990318
1175,1399/03/19,دوشنبه,0,2020-06-08,Monday,13990319
1176,1399/03/20,سه شنبه,0,2020-06-09,Tuesday,13990320
1177,1399/03/21,چهارشنبه,0,2020-06-10,Wednesday,13990321
1178,1399/03/22,پنجشنبه,0,2020-06-11,Thursday,13990322
1179,1399/03/23,جمعه,1,2020-06-12,Friday,13990323
1180,1399/03/24,شنبه,0,2020-06-13,Saturday,13990324
1181,1399/03/25,یکشنبه,0,2020-06-14,Sunday,13990325
1182,1399/03/26,دوشنبه,0,2020-06-15,Monday,13990326
1183,1399/03/27,سه شنبه,0,2020-06-16,Tuesday,13990327
1184,1399/03/28,چهارشنبه,1,2020-06-17,Wednesday,13990328
1185,1399/03/29,پنجشنبه,0,2020-06-18,Thursday,13990329
1186,1399/03/30,جمعه,1,2020-06-19,Friday,13990330
1187,1399/03/31,شنبه,0,2020-06-20,Saturday,13990331
1188,1399/04/01,یکشنبه,0,2020-06-21,Sunday,13990401
1189,1399/04/02,دوشنبه,0,2020-06-22,Monday,13990402
1190,1399/04/03,سه شنبه,0,2020-06-23,Tuesday,13990403
1191,1399/04/04,چهارشنبه,0,2020-06-24,Wednesday,13990404
1192,1399/04/05,پنجشنبه,0,2020-06-25,Thursday,13990405
1193,1399/04/06,جمعه,1,2020-06-26,Friday,13990406
1194,1399/04/07,شنبه,0,2020-06-27,Saturday,13990407
1195,1399/04/08,یکشنبه,0,2020-06-28,Sunday,13990408
1196,1399/04/09,دوشنبه,0,2020-06-29,Monday,13990409
1197,1399/04/10,سه شنبه,0,2020-06-30,Tuesday,13990410
1198,1399/04/11,چهارشنبه,0,2020-07-01,Wednesday,13990411
1199,1399/04/12,پنجشنبه,0,2020-07-02,Thursday,13990412
1200,1399/04/13,جمعه,1,2020-07-03,Friday,13990413
1201,1399/04/14,شنبه,0,2020-07-04,Saturday,13990414
1202,1399/04/15,یکشنبه,0,2020-07-05,Sunday,13990415
1203,1399/04/16,دوشنبه,0,2020-07-06,Monday,13990416
1204,1399/04/17,سه شنبه,0,2020-07-07,Tuesday,13990417
1205,1399/04/18,چهارشنبه,0,2020-07-08,Wednesday,13990418
1206,1399/04/19,پنجشنبه,0,2020-07-09,Thursday,13990419
1207,1399/04/20,جمعه,1,2020-07-10,Friday,13990420
1208,1399/04/21,شنبه,0,2020-07-11,Saturday,13990421
1209,1399/04/22,یکشنبه,0,2020-07-12,Sunday,13990422
1210,1399/04/23,دوشنبه,0,2020-07-13,Monday,13990423
1211,1399/04/24,سه شنبه,0,2020-07-14,Tuesday,13990424
1212,1399/04/25,چهارشنبه,0,2020-07-15,Wednesday,13990425
1213,1399/04/26,پنجشنبه,0,2020-07-16,Thursday,13990426
1214,1399/04/27,جمعه,1,2020-07-17,Friday,13990427
1215,1399/04/28,شنبه,0,2020-07-18,Saturday,13990428
1216,1399/04/29,یکشنبه,0,2020-07-19,Sunday,13990429
1217,1399/04/30,دوشنبه,0,2020-07-20,Monday,13990430
1218,1399/04/31,سه شنبه,0,2020-07-21,Tuesday,13990431
1219,1399/05/01,چهارشنبه,0,2020-07-22,Wednesday,13990501
1220,1399/05/02,پنجشنبه,0,2020-07-23,Thursday,13990502
1221,1399/05/03,جمعه,1,2020-07-24,Friday,13990503
1222,1399/05/04,شنبه,0,2020-07-25,Saturday,13990504
1223,1399/05/05,یکشنبه,0,2020-07-26,Sunday,13990505
1224,1399/05/06,دوشنبه,0,2020-07-27,Monday,13990506
1225,1399/05/07,سه شنبه,0,2020-07-28,Tuesday,13990507
1226,1399/05/08,چهارشنبه,0,2020-07-29,Wednesday,13990508
1227,1399/05/09,پنجشنبه,0,2020-07-30,Thursday,13990509
1228,1399/05/10,جمعه,1,2020-07-31,Friday,13990510
1229,1399/05/11,شنبه,0,2020-08-01,Saturday,13990511
1230,1399/05/12,یکشنبه,0,2020-08-02,Sunday,13990512
1231,1399/05/13,دوشنبه,0,2020-08-03,Monday,13990513
1232,1399/05/14,سه شنبه,0,2020-08-04,Tuesday,13990514
1233,1399/05/15,چهارشنبه,0,2020-08-05,Wednesday,13990515
1234,1399/05/16,پنجشنبه,0,2020-08-06,Thursday,13990516
1235,1399/05/17,جمعه,1,2020-08-07,Friday,13990517
1236,1399/05/18,شنبه,1,2020-08-08,Saturday,13990518
1237,1399/05/19,یکشنبه,0,2020-08-09,Sunday,13990519
1238,1399/05/20,دوشنبه,0,2020-08-10,Monday,13990520
1239,1399/05/21,سه شنبه,0,2020-08-11,Tuesday,13990521
1240,1399/05/22,چهارشنبه,0,2020-08-12,Wednesday,13990522
1241,1399/05/23,پنجشنبه,0,2020-08-13,Thursday,13990523
1242,1399/05/24,جمعه,1,2020-08-14,Friday,13990524
1243,1399/05/25,شنبه,0,2020-08-15,Saturday,13990525
1244,1399/05/26,یکشنبه,0,2020-08-16,Sunday,13990526
1245,1399/05/27,دوشنبه,0,2020-08-17,Monday,13990527
1246,1399/05/28,سه شنبه,0,2020-08-18,Tuesday,13990528
1247,1399/05/29,چهارشنبه,0,2020-08-19,Wednesday,13990529
1248,1399/05/30,پنجشنبه,0,2020-08-20,Thursday,13990530
1249,1399/05/31,جمعه,1,2020-08-21,Friday,13990531
1250,1399/06/01,شنبه,0,2020-08-22,Saturday,13990601
1251,1399/06/02,یکشنبه,0,2020-08-23,Sunday,13990602
1252,1399/06/03,دوشنبه,0,2020-08-24,Monday,13990603
1253,1399/06/04,سه شنبه,0,2020-08-25,Tuesday,13990604
1254,1399/06/05,چهارشنبه,0,2020-08-26,Wednesday,13990605
1255,1399/06/06,پنجشنبه,0,2020-08-27,Thursday,13990606
1256,1399/06/07,جمعه,1,2020-08-28,Friday,13990607
1257,1399/06/08,شنبه,1,2020-08-29,Saturday,13990608
1258,1399/06/09,یکشنبه,1,2020-08-30,Sunday,13990609
1259,1399/06/10,دوشنبه,0,2020-08-31,Monday,13990610
1260,1399/06/11,سه شنبه,0,2020-09-01,Tuesday,13990611
1261,1399/06/12,چهارشنبه,0,2020-09-02,Wednesday,13990612
1262,1399/06/13,پنجشنبه,0,2020-09-03,Thursday,13990613
1263,1399/06/14,جمعه,1,2020-09-04,Friday,13990614
1264,1399/06/15,شنبه,0,2020-09-05,Saturday,13990615
1265,1399/06/16,یکشنبه,0,2020-09-06,Sunday,13990616
1266,1399/06/17,دوشنبه,0,2020-09-07,Monday,13990617
1267,1399/06/18,سه شنبه,0,2020-09-08,Tuesday,13990618
1268,1399/06/19,چهارشنبه,0,2020-09-09,Wednesday,13990619
1269,1399/06/20,پنجشنبه,0,2020-09-10,Thursday,13990620
1270,1399/06/21,جمعه,1,2020-09-11,Friday,13990621
1271,1399/06/22,شنبه,0,2020-09-12,Saturday,13990622
1272,1399/06/23,یکشنبه,0,2020-09-13,Sunday,13990623
1273,1399/06/24,دوشنبه,0,2020-09-14,Monday,13990624
1274,1399/06/25,سه شنبه,0,2020-09-15,Tuesday,13990625
1275,1399/06/26,چهارشنبه,0,2020-09-16,Wednesday,13990626
1276,1399/06/27,پنجشنبه,0,2020-09-17,Thursday,13990627
1277,1399/06/28,جمعه,1,2020-09-18,Friday,13990628
1278,1399/06/29,شنبه,0,2020-09-19,Saturday,13990629
1279,1399/06/30,یکشنبه,0,2020-09-20,Sunday,13990630
1280,1399/06/31,دوشنبه,0,2020-09-21,Monday,13990631
1281,1399/07/01,سه شنبه,0,2020-09-22,Tuesday,13990701
1282,1399/07/02,چهارشنبه,0,2020-09-23,Wednesday,13990702
1283,1399/07/03,پنجشنبه,0,2020-09-24,Thursday,13990703
1284,1399/07/04,جمعه,1,2020-09-25,Friday,13990704
1285,1399/07/05,شنبه,0,2020-09-26,Saturday,13990705
1286,1399/07/06,یکشنبه,0,2020-09-27,Sunday,13990706
1287,1399/07/07,دوشنبه,0,2020-09-28,Monday,13990707
1288,1399/07/08,سه شنبه,0,2020-09-29,Tuesday,13990708
1289,1399/07/09,چهارشنبه,0,2020-09-30,Wednesday,13990709
1290,1399/07/10,پنجشنبه,0,2020-10-01,Thursday,13990710
1291,1399/07/11,جمعه,1,2020-10-02,Friday,13990711
1292,1399/07/12,شنبه,0,2020-10-03,Saturday,13990712
1293,1399/07/13,یکشنبه,0,2020-10-04,Sunday,13990713
1294,1399/07/14,دوشنبه,0,2020-10-05,Monday,13990714
1295,1399/07/15,سه شنبه,0,2020-10-06,Tuesday,13990715
1296,1399/07/16,چهارشنبه,0,2020-10-07,Wednesday,13990716
1297,1399/07/17,پنجشنبه,1,2020-10-08,Thursday,13990717
1298,1399/07/18,جمعه,1,2020-10-09,Friday,13990718
1299,1399/07/19,شنبه,0,2020-10-10,Saturday,13990719
1300,1399/07/20,یکشنبه,0,2020-10-11,Sunday,13990720
1301,1399/07/21,دوشنبه,0,2020-10-12,Monday,13990721
1302,1399/07/22,سه شنبه,0,2020-10-13,Tuesday,13990722
1303,1399/07/23,چهارشنبه,0,2020-10-14,Wednesday,13990723
1304,1399/07/24,پنجشنبه,0,2020-10-15,Thursday,13990724
1305,1399/07/25,جمعه,1,2020-10-16,Friday,13990725
1306,1399/07/26,شنبه,1,2020-10-17,Saturday,13990726
1307,1399/07/27,یکشنبه,0,2020-10-18,Sunday,13990727
1308,1399/07/28,دوشنبه,0,2020-10-19,Monday,13990728
1309,1399/07/29,سه شنبه,0,2020-10-20,Tuesday,13990729
1310,1399/07/30,چهارشنبه,0,2020-10-21,Wednesday,13990730
1311,1399/08/01,پنجشنبه,0,2020-10-22,Thursday,13990801
1312,1399/08/02,جمعه,1,2020-10-23,Friday,13990802
1313,1399/08/03,شنبه,0,2020-10-24,Saturday,13990803
1314,1399/08/04,یکشنبه,1,2020-10-25,Sunday,13990804
1315,1399/08/05,دوشنبه,0,2020-10-26,Monday,13990805
1316,1399/08/06,سه شنبه,0,2020-10-27,Tuesday,13990806
1317,1399/08/07,چهارشنبه,0,2020-10-28,Wednesday,13990807
1318,1399/08/08,پنجشنبه,0,2020-10-29,Thursday,13990808
1319,1399/08/09,جمعه,1,2020-10-30,Friday,13990809
1320,1399/08/10,شنبه,0,2020-10-31,Saturday,13990810
1321,1399/08/11,یکشنبه,0,2020-11-01,Sunday,13990811
1322,1399/08/12,دوشنبه,0,2020-11-02,Monday,13990812
1323,1399/08/13,سه شنبه,1,2020-11-03,Tuesday,13990813
1324,1399/08/14,چهارشنبه,0,2020-11-04,Wednesday,13990814
1325,1399/08/15,پنجشنبه,0,2020-11-05,Thursday,13990815
1326,1399/08/16,جمعه,1,2020-11-06,Friday,13990816
1327,1399/08/17,شنبه,0,2020-11-07,Saturday,13990817
1328,1399/08/18,یکشنبه,0,2020-11-08,Sunday,13990818
1329,1399/08/19,دوشنبه,0,2020-11-09,Monday,13990819
1330,1399/08/20,سه شنبه,0,2020-11-10,Tuesday,13990820
1331,1399/08/21,چهارشنبه,0,2020-11-11,Wednesday,13990821
1332,1399/08/22,پنجشنبه,0,2020-11-12,Thursday,13990822
1333,1399/08/23,جمعه,1,2020-11-13,Friday,13990823
1334,1399/08/24,شنبه,0,2020-11-14,Saturday,13990824
1335,1399/08/25,یکشنبه,0,2020-11-15,Sunday,13990825
1336,1399/08/26,دوشنبه,0,2020-11-16,Monday,13990826
1337,1399/08/27,سه شنبه,0,2020-11-17,Tuesday,13990827
1338,1399/08/28,چهارشنبه,0,2020-11-18,Wednesday,13990828
1339,1399/08/29,پنجشنبه,0,2020-11-19,Thursday,13990829
1340,1399/08/30,جمعه,1,2020-11-20,Friday,13990830
1341,1399/09/01,شنبه,0,2020-11-21,Saturday,13990901
1342,1399/09/02,یکشنبه,0,2020-11-22,Sunday,13990902
1343,1399/09/03,دوشنبه,0,2020-11-23,Monday,13990903
1344,1399/09/04,سه شنبه,0,2020-11-24,Tuesday,13990904
1345,1399/09/05,چهارشنبه,0,2020-11-25,Wednesday,13990905
1346,1399/09/06,پنجشنبه,0,2020-11-26,Thursday,13990906
1347,1399/09/07,جمعه,1,2020-11-27,Friday,13990907
1348,1399/09/08,شنبه,0,2020-11-28,Saturday,13990908
1349,1399/09/09,یکشنبه,0,2020-11-29,Sunday,13990909
1350,1399/09/10,دوشنبه,0,2020-11-30,Monday,13990910
1351,1399/09/11,سه شنبه,0,2020-12-01,Tuesday,13990911
1352,1399/09/12,چهارشنبه,0,2020-12-02,Wednesday,13990912
1353,1399/09/13,پنجشنبه,0,2020-12-03,Thursday,13990913
1354,1399/09/14,جمعه,1,2020-12-04,Friday,13990914
1355,1399/09/15,شنبه,0,2020-12-05,Saturday,13990915
1356,1399/09/16,یکشنبه,0,2020-12-06,Sunday,13990916
1357,1399/09/17,دوشنبه,0,2020-12-07,Monday,13990917
1358,1399/09/18,سه شنبه,0,2020-12-08,Tuesday,13990918
1359,1399/09/19,چهارشنبه,0,2020-12-09,Wednesday,13990919
1360,1399/09/20,پنجشنبه,0,2020-12-10,Thursday,13990920
1361,1399/09/21,جمعه,1,2020-12-11,Friday,13990921
1362,1399/09/22,شنبه,0,2020-12-12,Saturday,13990922
1363,1399/09/23,یکشنبه,0,2020-12-13,Sunday,13990923
1364,1399/09/24,دوشنبه,0,2020-12-14,Monday,13990924
1365,1399/09/25,سه شنبه,0,2020-12-15,Tuesday,13990925
1366,1399/09/26,چهارشنبه,0,2020-12-16,Wednesday,13990926
1367,1399/09/27,پنجشنبه,0,2020-12-17,Thursday,13990927
1368,1399/09/28,جمعه,1,2020-12-18,Friday,13990928
1369,1399/09/29,شنبه,0,2020-12-19,Saturday,13990929
1370,1399/09/30,یکشنبه,0,2020-12-20,Sunday,13990930
1371,1399/10/01,دوشنبه,0,2020-12-21,Monday,13991001
1372,1399/10/02,سه شنبه,0,2020-12-22,Tuesday,13991002
1373,1399/10/03,چهارشنبه,0,2020-12-23,Wednesday,13991003
1374,1399/10/04,پنجشنبه,0,2020-12-24,Thursday,13991004
1375,1399/10/05,جمعه,1,2020-12-25,Friday,13991005
1376,1399/10/06,شنبه,0,2020-12-26,Saturday,13991006
1377,1399/10/07,یکشنبه,0,2020-12-27,Sunday,13991007
1378,1399/10/08,دوشنبه,0,2020-12-28,Monday,13991008
1379,1399/10/09,سه شنبه,0,2020-12-29,Tuesday,13991009
1380,1399/10/10,چهارشنبه,0,2020-12-30,Wednesday,13991010
1381,1399/10/11,پنجشنبه,0,2020-12-31,Thursday,13991011
1382,1399/10/12,جمعه,1,2021-01-01,Friday,13991012
1383,1399/10/13,شنبه,0,2021-01-02,Saturday,13991013
1384,1399/10/14,یکشنبه,0,2021-01-03,Sunday,13991014
1385,1399/10/15,دوشنبه,0,2021-01-04,Monday,13991015
1386,1399/10/16,سه شنبه,0,2021-01-05,Tuesday,13991016
1387,1399/10/17,چهارشنبه,0,2021-01-06,Wednesday,13991017
1388,1399/10/18,پنجشنبه,0,2021-01-07,Thursday,13991018
1389,1399/10/19,جمعه,1,2021-01-08,Friday,13991019
1390,1399/10/20,شنبه,0,2021-01-09,Saturday,13991020
1391,1399/10/21,یکشنبه,0,2021-01-10,Sunday,13991021
1392,1399/10/22,دوشنبه,0,2021-01-11,Monday,13991022
1393,1399/10/23,سه شنبه,0,2021-01-12,Tuesday,13991023
1394,1399/10/24,چهارشنبه,0,2021-01-13,Wednesday,13991024
1395,1399/10/25,پنجشنبه,0,2021-01-14,Thursday,13991025
1396,1399/10/26,جمعه,1,2021-01-15,Friday,13991026
1397,1399/10/27,شنبه,0,2021-01-16,Saturday,13991027
1398,1399/10/28,یکشنبه,1,2021-01-17,Sunday,13991028
1399,1399/10/29,دوشنبه,0,2021-01-18,Monday,13991029
1400,1399/10/30,سه شنبه,0,2021-01-19,Tuesday,13991030
1401,1399/11/01,چهارشنبه,0,2021-01-20,Wednesday,13991101
1402,1399/11/02,پنجشنبه,0,2021-01-21,Thursday,13991102
1403,1399/11/03,جمعه,1,2021-01-22,Friday,13991103
1404,1399/11/04,شنبه,0,2021-01-23,Saturday,13991104
1405,1399/11/05,یکشنبه,0,2021-01-24,Sunday,13991105
1406,1399/11/06,دوشنبه,0,2021-01-25,Monday,13991106
1407,1399/11/07,سه شنبه,0,2021-01-26,Tuesday,13991107
1408,1399/11/08,چهارشنبه,0,2021-01-27,Wednesday,13991108
1409,1399/11/09,پنجشنبه,0,2021-01-28,Thursday,13991109
1410,1399/11/10,جمعه,1,2021-01-29,Friday,13991110
1411,1399/11/11,شنبه,0,2021-01-30,Saturday,13991111
1412,1399/11/12,یکشنبه,0,2021-01-31,Sunday,13991112
1413,1399/11/13,دوشنبه,0,2021-02-01,Monday,13991113
1414,1399/11/14,سه شنبه,0,2021-02-02,Tuesday,13991114
1415,1399/11/15,چهارشنبه,0,2021-02-03,Wednesday,13991115
1416,1399/11/16,پنجشنبه,0,2021-02-04,Thursday,13991116
1417,1399/11/17,جمعه,1,2021-02-05,Friday,13991117
1418,1399/11/18,شنبه,0,2021-02-06,Saturday,13991118
1419,1399/11/19,یکشنبه,0,2021-02-07,Sunday,13991119
1420,1399/11/20,دوشنبه,0,2021-02-08,Monday,13991120
1421,1399/11/21,سه شنبه,0,2021-02-09,Tuesday,13991121
1422,1399/11/22,چهارشنبه,1,2021-02-10,Wednesday,13991122
1423,1399/11/23,پنجشنبه,0,2021-02-11,Thursday,13991123
1424,1399/11/24,جمعه,1,2021-02-12,Friday,13991124
1425,1399/11/25,شنبه,0,2021-02-13,Saturday,13991125
1426,1399/11/26,یکشنبه,0,2021-02-14,Sunday,13991126
1427,1399/11/27,دوشنبه,0,2021-02-15,Monday,13991127
1428,1399/11/28,سه شنبه,0,2021-02-16,Tuesday,13991128
1429,1399/11/29,چهارشنبه,0,2021-02-17,Wednesday,13991129
1430,1399/11/30,پنجشنبه,0,2021-02-18,Thursday,13991130
1431,1399/12/01,جمعه,1,2021-02-19,Friday,13991201
1432,1399/12/02,شنبه,0,2021-02-20,Saturday,13991202
1433,1399/12/03,یکشنبه,0,2021-02-21,Sunday,13991203
1434,1399/12/04,دوشنبه,0,2021-02-22,Monday,13991204
1435,1399/12/05,سه شنبه,0,2021-02-23,Tuesday,13991205
1436,1399/12/06,چهارشنبه,0,2021-02-24,Wednesday,13991206
1437,1399/12/07,پنجشنبه,1,2021-02-25,Thursday,13991207
1438,1399/12/08,جمعه,1,2021-02-26,Friday,13991208
1439,1399/12/09,شنبه,0,2021-02-27,Saturday,13991209
1440,1399/12/10,یکشنبه,0,2021-02-28,Sunday,13991210
1441,1399/12/11,دوشنبه,0,2021-03-01,Monday,13991211
1442,1399/12/12,سه شنبه,0,2021-03-02,Tuesday,13991212
1443,1399/12/13,چهارشنبه,0,2021-03-03,Wednesday,13991213
1444,1399/12/14,پنجشنبه,0,2021-03-04,Thursday,13991214
1445,1399/12/15,جمعه,1,2021-03-05,Friday,13991215
1446,1399/12/16,شنبه,0,2021-03-06,Saturday,13991216
1447,1399/12/17,یکشنبه,0,2021-03-07,Sunday,13991217
1448,1399/12/18,دوشنبه,0,2021-03-08,Monday,13991218
1449,1399/12/19,سه شنبه,0,2021-03-09,Tuesday,13991219
1450,1399/12/20,چهارشنبه,0,2021-03-10,Wednesday,13991220
1451,1399/12/21,پنجشنبه,1,2021-03-11,Thursday,13991221
1452,1399/12/22,جمعه,1,2021-03-12,Friday,13991222
1453,1399/12/23,شنبه,0,2021-03-13,Saturday,13991223
1454,1399/12/24,یکشنبه,0,2021-03-14,Sunday,13991224
1455,1399/12/25,دوشنبه,0,2021-03-15,Monday,13991225
1456,1399/12/26,سه شنبه,0,2021-03-16,Tuesday,13991226
1457,1399/12/27,چهارشنبه,0,2021-03-17,Wednesday,13991227
1458,1399/12/28,پنجشنبه,0,2021-03-18,Thursday,13991228
1459,1399/12/29,جمعه,1,2021-03-19,Friday,13991229
1460,1399/12/30,شنبه,1,2021-03-20,Saturday,13991230
1461,1400/01/01,یکشنبه,1,2021-03-21,Sunday,14000101
1462,1400/01/02,دوشنبه,1,2021-03-22,Monday,14000102
1463,1400/01/03,سه شنبه,1,2021-03-23,Tuesday,14000103
1464,1400/01/04,چهارشنبه,1,2021-03-24,Wednesday,14000104
1465,1400/01/05,پنجشنبه,0,2021-03-25,Thursday,14000105
1466,1400/01/06,جمعه,1,2021-03-26,Friday,14000106
1467,1400/01/07,شنبه,0,2021-03-27,Saturday,14000107
1468,1400/01/08,یکشنبه,0,2021-03-28,Sunday,14000108
1469,1400/01/09,دوشنبه,1,2021-03-29,Monday,14000109
1470,1400/01/10,سه شنبه,0,2021-03-30,Tuesday,14000110
1471,1400/01/11,چهارشنبه,0,2021-03-31,Wednesday,14000111
1472,1400/01/12,پنجشنبه,1,2021-04-01,Thursday,14000112
1473,1400/01/13,جمعه,1,2021-04-02,Friday,14000113
1474,1400/01/14,شنبه,0,2021-04-03,Saturday,14000114
1475,1400/01/15,یکشنبه,0,2021-04-04,Sunday,14000115
1476,1400/01/16,دوشنبه,0,2021-04-05,Monday,14000116
1477,1400/01/17,سه شنبه,0,2021-04-06,Tuesday,14000117
1478,1400/01/18,چهارشنبه,0,2021-04-07,Wednesday,14000118
1479,1400/01/19,پنجشنبه,0,2021-04-08,Thursday,14000119
1480,1400/01/20,جمعه,1,2021-04-09,Friday,14000120
1481,1400/01/21,شنبه,0,2021-04-10,Saturday,14000121
1482,1400/01/22,یکشنبه,0,2021-04-11,Sunday,14000122
1483,1400/01/23,دوشنبه,0,2021-04-12,Monday,14000123
1484,1400/01/24,سه شنبه,0,2021-04-13,Tuesday,14000124
1485,1400/01/25,چهارشنبه,0,2021-04-14,Wednesday,14000125
1486,1400/01/26,پنجشنبه,0,2021-04-15,Thursday,14000126
1487,1400/01/27,جمعه,1,2021-04-16,Friday,14000127
1488,1400/01/28,شنبه,0,2021-04-17,Saturday,14000128
1489,1400/01/29,یکشنبه,0,2021-04-18,Sunday,14000129
1490,1400/01/30,دوشنبه,0,2021-04-19,Monday,14000130
1491,1400/01/31,سه شنبه,0,2021-04-20,Tuesday,14000131
1492,1400/02/01,چهارشنبه,0,2021-04-21,Wednesday,14000201
1493,1400/02/02,پنجشنبه,0,2021-04-22,Thursday,14000202
1494,1400/02/03,جمعه,1,2021-04-23,Friday,14000203
1495,1400/02/04,شنبه,0,2021-04-24,Saturday,14000204
1496,1400/02/05,یکشنبه,0,2021-04-25,Sunday,14000205
1497,1400/02/06,دوشنبه,0,2021-04-26,Monday,14000206
1498,1400/02/07,سه شنبه,0,2021-04-27,Tuesday,14000207
1499,1400/02/08,چهارشنبه,0,2021-04-28,Wednesday,14000208
1500,1400/02/09,پنجشنبه,0,2021-04-29,Thursday,14000209
1501,1400/02/10,جمعه,1,2021-04-30,Friday,14000210
1502,1400/02/11,شنبه,0,2021-05-01,Saturday,14000211
1503,1400/02/12,یکشنبه,0,2021-05-02,Sunday,14000212
1504,1400/02/13,دوشنبه,0,2021-05-03,Monday,14000213
1505,1400/02/14,سه شنبه,1,2021-05-04,Tuesday,14000214
1506,1400/02/15,چهارشنبه,0,2021-05-05,Wednesday,14000215
1507,1400/02/16,پنجشنبه,0,2021-05-06,Thursday,14000216
1508,1400/02/17,جمعه,1,2021-05-07,Friday,14000217
1509,1400/02/18,شنبه,0,2021-05-08,Saturday,14000218
1510,1400/02/19,یکشنبه,0,2021-05-09,Sunday,14000219
1511,1400/02/20,دوشنبه,0,2021-05-10,Monday,14000220
1512,1400/02/21,سه شنبه,0,2021-05-11,Tuesday,14000221
1513,1400/02/22,چهارشنبه,0,2021-05-12,Wednesday,14000222
1514,1400/02/23,پنجشنبه,1,2021-05-13,Thursday,14000223
1515,1400/02/24,جمعه,1,2021-05-14,Friday,14000224
1516,1400/02/25,شنبه,0,2021-05-15,Saturday,14000225
1517,1400/02/26,یکشنبه,0,2021-05-16,Sunday,14000226
1518,1400/02/27,دوشنبه,0,2021-05-17,Monday,14000227
1519,1400/02/28,سه شنبه,0,2021-05-18,Tuesday,14000228
1520,1400/02/29,چهارشنبه,0,2021-05-19,Wednesday,14000229
1521,1400/02/30,پنجشنبه,0,2021-05-20,Thursday,14000230
1522,1400/02/31,جمعه,1,2021-05-21,Friday,14000231
1523,1400/03/01,شنبه,0,2021-05-22,Saturday,14000301
1524,1400/03/02,یکشنبه,0,2021-05-23,Sunday,14000302
1525,1400/03/03,دوشنبه,0,2021-05-24,Monday,14000303
1526,1400/03/04,سه شنبه,0,2021-05-25,Tuesday,14000304
1527,1400/03/05,چهارشنبه,0,2021-05-26,Wednesday,14000305
1528,1400/03/06,پنجشنبه,0,2021-05-27,Thursday,14000306
1529,1400/03/07,جمعه,1,2021-05-28,Friday,14000307
1530,1400/03/08,شنبه,0,2021-05-29,Saturday,14000308
1531,1400/03/09,یکشنبه,0,2021-05-30,Sunday,14000309
1532,1400/03/10,دوشنبه,0,2021-05-31,Monday,14000310
1533,1400/03/11,سه شنبه,0,2021-06-01,Tuesday,14000311
1534,1400/03/12,چهارشنبه,0,2021-06-02,Wednesday,14000312
1535,1400/03/13,پنجشنبه,0,2021-06-03,Thursday,14000313
1536,1400/03/14,جمعه,1,2021-06-04,Friday,14000314
1537,1400/03/15,شنبه,1,2021-06-05,Saturday,14000315
1538,1400/03/16,یکشنبه,1,2021-06-06,Sunday,14000316
1539,1400/03/17,دوشنبه,0,2021-06-07,Monday,14000317
1540,1400/03/18,سه شنبه,0,2021-06-08,Tuesday,14000318
1541,1400/03/19,چهارشنبه,0,2021-06-09,Wednesday,14000319
1542,1400/03/20,پنجشنبه,0,2021-06-10,Thursday,14000320
1543,1400/03/21,جمعه,1,2021-06-11,Friday,14000321
1544,1400/03/22,شنبه,0,2021-06-12,Saturday,14000322
1545,1400/03/23,یکشنبه,0,2021-06-13,Sunday,14000323
1546,1400/03/24,دوشنبه,0,2021-06-14,Monday,14000324
1547,1400/03/25,سه شنبه,0,2021-06-15,Tuesday,14000325
1548,1400/03/26,چهارشنبه,0,2021-06-16,Wednesday,14000326
1549,1400/03/27,پنجشنبه,0,2021-06-17,Thursday,14000327
1550,1400/03/28,جمعه,1,2021-06-18,Friday,14000328
1551,1400/03/29,شنبه,0,2021-06-19,Saturday,14000329
1552,1400/03/30,یکشنبه,0,2021-06-20,Sunday,14000330
1553,1400/03/31,دوشنبه,0,2021-06-21,Monday,14000331
1554,1400/04/01,سه شنبه,0,2021-06-22,Tuesday,14000401
1555,1400/04/02,چهارشنبه,0,2021-06-23,Wednesday,14000402
1556,1400/04/03,پنجشنبه,0,2021-06-24,Thursday,14000403
1557,1400/04/04,جمعه,1,2021-06-25,Friday,14000404
1558,1400/04/05,شنبه,0,2021-06-26,Saturday,14000405
1559,1400/04/06,یکشنبه,0,2021-06-27,Sunday,14000406
1560,1400/04/07,دوشنبه,0,2021-06-28,Monday,14000407
1561,1400/04/08,سه شنبه,0,2021-06-29,Tuesday,14000408
1562,1400/04/09,چهارشنبه,0,2021-06-30,Wednesday,14000409
1563,1400/04/10,پنجشنبه,0,2021-07-01,Thursday,14000410
1564,1400/04/11,جمعه,1,2021-07-02,Friday,14000411
1565,1400/04/12,شنبه,0,2021-07-03,Saturday,14000412
1566,1400/04/13,یکشنبه,0,2021-07-04,Sunday,14000413
1567,1400/04/14,دوشنبه,0,2021-07-05,Monday,14000414
1568,1400/04/15,سه شنبه,0,2021-07-06,Tuesday,14000415
1569,1400/04/16,چهارشنبه,0,2021-07-07,Wednesday,14000416
1570,1400/04/17,پنجشنبه,0,2021-07-08,Thursday,14000417
1571,1400/04/18,جمعه,1,2021-07-09,Friday,14000418
1572,1400/04/19,شنبه,0,2021-07-10,Saturday,14000419
1573,1400/04/20,یکشنبه,0,2021-07-11,Sunday,14000420
1574,1400/04/21,دوشنبه,0,2021-07-12,Monday,14000421
1575,1400/04/22,سه شنبه,0,2021-07-13,Tuesday,14000422
1576,1400/04/23,چهارشنبه,0,2021-07-14,Wednesday,14000423
1577,1400/04/24,پنجشنبه,0,2021-07-15,Thursday,14000424
1578,1400/04/25,جمعه,1,2021-07-16,Friday,14000425
1579,1400/04/26,شنبه,0,2021-07-17,Saturday,14000426
1580,1400/04/27,یکشنبه,0,2021-07-18,Sunday,14000427
1581,1400/04/28,دوشنبه,0,2021-07-19,Monday,14000428
1582,1400/04/29,سه شنبه,0,2021-07-20,Tuesday,14000429
1583,1400/04/30,چهارشنبه,1,2021-07-21,Wednesday,14000430
1584,1400/04/31,پنجشنبه,0,2021-07-22,Thursday,14000431
1585,1400/05/01,جمعه,1,2021-07-23,Friday,14000501
1586,1400/05/02,شنبه,0,2021-07-24,Saturday,14000502
1587,1400/05/03,یکشنبه,0,2021-07-25,Sunday,14000503
1588,1400/05/04,دوشنبه,0,2021-07-26,Monday,14000504
1589,1400/05/05,سه شنبه,0,2021-07-27,Tuesday,14000505
1590,1400/05/06,چهارشنبه,0,2021-07-28,Wednesday,14000506
1591,1400/05/07,پنجشنبه,1,2021-07-29,Thursday,14000507
1592,1400/05/08,جمعه,1,2021-07-30,Friday,14000508
1593,1400/05/09,شنبه,0,2021-07-31,Saturday,14000509
1594,1400/05/10,یکشنبه,0,2021-08-01,Sunday,14000510
1595,1400/05/11,دوشنبه,0,2021-08-02,Monday,14000511
1596,1400/05/12,سه شنبه,0,2021-08-03,Tuesday,14000512
1597,1400/05/13,چهارشنبه,0,2021-08-04,Wednesday,14000513
1598,1400/05/14,پنجشنبه,0,2021-08-05,Thursday,14000514
1599,1400/05/15,جمعه,1,2021-08-06,Friday,14000515
1600,1400/05/16,شنبه,0,2021-08-07,Saturday,14000516
1601,1400/05/17,یکشنبه,0,2021-08-08,Sunday,14000517
1602,1400/05/18,دوشنبه,0,2021-08-09,Monday,14000518
1603,1400/05/19,سه شنبه,0,2021-08-10,Tuesday,14000519
1604,1400/05/20,چهارشنبه,0,2021-08-11,Wednesday,14000520
1605,1400/05/21,پنجشنبه,0,2021-08-12,Thursday,14000521
1606,1400/05/22,جمعه,1,2021-08-13,Friday,14000522
1607,1400/05/23,شنبه,0,2021-08-14,Saturday,14000523
1608,1400/05/24,یکشنبه,0,2021-08-15,Sunday,14000524
1609,1400/05/25,دوشنبه,0,2021-08-16,Monday,14000525
1610,1400/05/26,سه شنبه,0,2021-08-17,Tuesday,14000526
1611,1400/05/27,چهارشنبه,1,2021-08-18,Wednesday,14000527
1612,1400/05/28,پنجشنبه,1,2021-08-19,Thursday,14000528
1613,1400/05/29,جمعه,1,2021-08-20,Friday,14000529
1614,1400/05/30,شنبه,0,2021-08-21,Saturday,14000530
1615,1400/05/31,یکشنبه,0,2021-08-22,Sunday,14000531
1616,1400/06/01,دوشنبه,0,2021-08-23,Monday,14000601
1617,1400/06/02,سه شنبه,0,2021-08-24,Tuesday,14000602
1618,1400/06/03,چهارشنبه,0,2021-08-25,Wednesday,14000603
1619,1400/06/04,پنجشنبه,0,2021-08-26,Thursday,14000604
1620,1400/06/05,جمعه,1,2021-08-27,Friday,14000605
1621,1400/06/06,شنبه,0,2021-08-28,Saturday,14000606
1622,1400/06/07,یکشنبه,0,2021-08-29,Sunday,14000607
1623,1400/06/08,دوشنبه,0,2021-08-30,Monday,14000608
1624,1400/06/09,سه شنبه,0,2021-08-31,Tuesday,14000609
1625,1400/06/10,چهارشنبه,0,2021-09-01,Wednesday,14000610
1626,1400/06/11,پنجشنبه,0,2021-09-02,Thursday,14000611
1627,1400/06/12,جمعه,1,2021-09-03,Friday,14000612
1628,1400/06/13,شنبه,0,2021-09-04,Saturday,14000613
1629,1400/06/14,یکشنبه,0,2021-09-05,Sunday,14000614
1630,1400/06/15,دوشنبه,0,2021-09-06,Monday,14000615
1631,1400/06/16,سه شنبه,0,2021-09-07,Tuesday,14000616
1632,1400/06/17,چهارشنبه,0,2021-09-08,Wednesday,14000617
1633,1400/06/18,پنجشنبه,0,2021-09-09,Thursday,14000618
1634,1400/06/19,جمعه,1,2021-09-10,Friday,14000619
1635,1400/06/20,شنبه,0,2021-09-11,Saturday,14000620
1636,1400/06/21,یکشنبه,0,2021-09-12,Sunday,14000621
1637,1400/06/22,دوشنبه,0,2021-09-13,Monday,14000622
1638,1400/06/23,سه شنبه,0,2021-09-14,Tuesday,14000623
1639,1400/06/24,چهارشنبه,0,2021-09-15,Wednesday,14000624
1640,1400/06/25,پنجشنبه,0,2021-09-16,Thursday,14000625
1641,1400/06/26,جمعه,1,2021-09-17,Friday,14000626
1642,1400/06/27,شنبه,0,2021-09-18,Saturday,14000627
1643,1400/06/28,یکشنبه,0,2021-09-19,Sunday,14000628
1644,1400/06/29,دوشنبه,0,2021-09-20,Monday,14000629
1645,1400/06/30,سه شنبه,0,2021-09-21,Tuesday,14000630
1646,1400/06/31,چهارشنبه,0,2021-09-22,Wednesday,14000631
1647,1400/07/01,پنجشنبه,0,2021-09-23,Thursday,14000701
1648,1400/07/02,جمعه,1,2021-09-24,Friday,14000702
1649,1400/07/03,شنبه,0,2021-09-25,Saturday,14000703
1650,1400/07/04,یکشنبه,0,2021-09-26,Sunday,14000704
1651,1400/07/05,دوشنبه,1,2021-09-27,Monday,14000705
1652,1400/07/06,سه شنبه,0,2021-09-28,Tuesday,14000706
1653,1400/07/07,چهارشنبه,0,2021-09-29,Wednesday,14000707
1654,1400/07/08,پنجشنبه,0,2021-09-30,Thursday,14000708
1655,1400/07/09,جمعه,1,2021-10-01,Friday,14000709
1656,1400/07/10,شنبه,0,2021-10-02,Saturday,14000710
1657,1400/07/11,یکشنبه,0,2021-10-03,Sunday,14000711
1658,1400/07/12,دوشنبه,0,2021-10-04,Monday,14000712
1659,1400/07/13,سه شنبه,1,2021-10-05,Tuesday,14000713
1660,1400/07/14,چهارشنبه,0,2021-10-06,Wednesday,14000714
1661,1400/07/15,پنجشنبه,1,2021-10-07,Thursday,14000715
1662,1400/07/16,جمعه,1,2021-10-08,Friday,14000716
1663,1400/07/17,شنبه,0,2021-10-09,Saturday,14000717
1664,1400/07/18,یکشنبه,0,2021-10-10,Sunday,14000718
1665,1400/07/19,دوشنبه,0,2021-10-11,Monday,14000719
1666,1400/07/20,سه شنبه,0,2021-10-12,Tuesday,14000720
1667,1400/07/21,چهارشنبه,0,2021-10-13,Wednesday,14000721
1668,1400/07/22,پنجشنبه,0,2021-10-14,Thursday,14000722
1669,1400/07/23,جمعه,1,2021-10-15,Friday,14000723
1670,1400/07/24,شنبه,0,2021-10-16,Saturday,14000724
1671,1400/07/25,یکشنبه,0,2021-10-17,Sunday,14000725
1672,1400/07/26,دوشنبه,0,2021-10-18,Monday,14000726
1673,1400/07/27,سه شنبه,0,2021-10-19,Tuesday,14000727
1674,1400/07/28,چهارشنبه,0,2021-10-20,Wednesday,14000728
1675,1400/07/29,پنجشنبه,0,2021-10-21,Thursday,14000729
1676,1400/07/30,جمعه,1,2021-10-22,Friday,14000730
1677,1400/08/01,شنبه,0,2021-10-23,Saturday,14000801
1678,1400/08/02,یکشنبه,1,2021-10-24,Sunday,14000802
1679,1400/08/03,دوشنبه,0,2021-10-25,Monday,14000803
1680,1400/08/04,سه شنبه,0,2021-10-26,Tuesday,14000804
1681,1400/08/05,چهارشنبه,0,2021-10-27,Wednesday,14000805
1682,1400/08/06,پنجشنبه,0,2021-10-28,Thursday,14000806
1683,1400/08/07,جمعه,1,2021-10-29,Friday,14000807
1684,1400/08/08,شنبه,0,2021-10-30,Saturday,14000808
1685,1400/08/09,یکشنبه,0,2021-10-31,Sunday,14000809
1686,1400/08/10,دوشنبه,0,2021-11-01,Monday,14000810
1687,1400/08/11,سه شنبه,0,2021-11-02,Tuesday,14000811
1688,1400/08/12,چهارشنبه,0,2021-11-03,Wednesday,14000812
1689,1400/08/13,پنجشنبه,0,2021-11-04,Thursday,14000813
1690,1400/08/14,جمعه,1,2021-11-05,Friday,14000814
1691,1400/08/15,شنبه,0,2021-11-06,Saturday,14000815
1692,1400/08/16,یکشنبه,0,2021-11-07,Sunday,14000816
1693,1400/08/17,دوشنبه,0,2021-11-08,Monday,14000817
1694,1400/08/18,سه شنبه,0,2021-11-09,Tuesday,14000818
1695,1400/08/19,چهارشنبه,0,2021-11-10,Wednesday,14000819
1696,1400/08/20,پنجشنبه,0,2021-11-11,Thursday,14000820
1697,1400/08/21,جمعه,1,2021-11-12,Friday,14000821
1698,1400/08/22,شنبه,0,2021-11-13,Saturday,14000822
1699,1400/08/23,یکشنبه,0,2021-11-14,Sunday,14000823
1700,1400/08/24,دوشنبه,0,2021-11-15,Monday,14000824
1701,1400/08/25,سه شنبه,0,2021-11-16,Tuesday,14000825
1702,1400/08/26,چهارشنبه,0,2021-11-17,Wednesday,14000826
1703,1400/08/27,پنجشنبه,0,2021-11-18,Thursday,14000827
1704,1400/08/28,جمعه,1,2021-11-19,Friday,14000828
1705,1400/08/29,شنبه,0,2021-11-20,Saturday,14000829
1706,1400/08/30,یکشنبه,0,2021-11-21,Sunday,14000830
1707,1400/09/01,دوشنبه,0,2021-11-22,Monday,14000901
1708,1400/09/02,سه شنبه,0,2021-11-23,Tuesday,14000902
1709,1400/09/03,چهارشنبه,0,2021-11-24,Wednesday,14000903
1710,1400/09/04,پنجشنبه,0,2021-11-25,Thursday,14000904
1711,1400/09/05,جمعه,1,2021-11-26,Friday,14000905
1712,1400/09/06,شنبه,0,2021-11-27,Saturday,14000906
1713,1400/09/07,یکشنبه,0,2021-11-28,Sunday,14000907
1714,1400/09/08,دوشنبه,0,2021-11-29,Monday,14000908
1715,1400/09/09,سه شنبه,0,2021-11-30,Tuesday,14000909
1716,1400/09/10,چهارشنبه,0,2021-12-01,Wednesday,14000910
1717,1400/09/11,پنجشنبه,0,2021-12-02,Thursday,14000911
1718,1400/09/12,جمعه,1,2021-12-03,Friday,14000912
1719,1400/09/13,شنبه,0,2021-12-04,Saturday,14000913
1720,1400/09/14,یکشنبه,0,2021-12-05,Sunday,14000914
1721,1400/09/15,دوشنبه,0,2021-12-06,Monday,14000915
1722,1400/09/16,سه شنبه,0,2021-12-07,Tuesday,14000916
1723,1400/09/17,چهارشنبه,0,2021-12-08,Wednesday,14000917
1724,1400/09/18,پنجشنبه,0,2021-12-09,Thursday,14000918
1725,1400/09/19,جمعه,1,2021-12-10,Friday,14000919
1726,1400/09/20,شنبه,0,2021-12-11,Saturday,14000920
1727,1400/09/21,یکشنبه,0,2021-12-12,Sunday,14000921
1728,1400/09/22,دوشنبه,0,2021-12-13,Monday,14000922
1729,1400/09/23,سه شنبه,0,2021-12-14,Tuesday,14000923
1730,1400/09/24,چهارشنبه,0,2021-12-15,Wednesday,14000924
1731,1400/09/25,پنجشنبه,0,2021-12-16,Thursday,14000925
1732,1400/09/26,جمعه,1,2021-12-17,Friday,14000926
1733,1400/09/27,شنبه,0,2021-12-18,Saturday,14000927
1734,1400/09/28,یکشنبه,0,2021-12-19,Sunday,14000928
1735,1400/09/29,دوشنبه,0,2021-12-20,Monday,14000929
1736,1400/09/30,سه شنبه,0,2021-12-21,Tuesday,14000930
1737,1400/10/01,چهارشنبه,0,2021-12-22,Wednesday,14001001
1738,1400/10/02,پنجشنبه,0,2021-12-23,Thursday,14001002
1739,1400/10/03,جمعه,0,2021-12-24,Friday,14001003
1740,1400/10/04,شنبه,0,2021-12-25,Saturday,14001004
1741,1400/10/05,یکشنبه,0,2021-12-26,Sunday,14001005
1742,1400/10/06,دوشنبه,0,2021-12-27,Monday,14001006
1743,1400/10/07,سه شنبه,0,2021-12-28,Tuesday,14001007
1744,1400/10/08,چهارشنبه,0,2021-12-29,Wednesday,14001008
1745,1400/10/09,پنجشنبه,0,2021-12-30,Thursday,14001009
1746,1400/10/10,جمعه,0,2021-12-31,Friday,14001010
1747,1400/10/11,شنبه,0,2022-01-01,Saturday,14001011
1748,1400/10/12,یکشنبه,0,2022-01-02,Sunday,14001012
1749,1400/10/13,دوشنبه,0,2022-01-03,Monday,14001013
1750,1400/10/14,سه شنبه,0,2022-01-04,Tuesday,14001014
1751,1400/10/15,چهارشنبه,0,2022-01-05,Wednesday,14001015
1752,1400/10/16,پنجشنبه,1,2022-01-06,Thursday,14001016
1753,1400/10/17,جمعه,0,2022-01-07,Friday,14001017
1754,1400/10/18,شنبه,0,2022-01-08,Saturday,14001018
1755,1400/10/19,یکشنبه,0,2022-01-09,Sunday,14001019
1756,1400/10/20,دوشنبه,0,2022-01-10,Monday,14001020
1757,1400/10/21,سه شنبه,0,2022-01-11,Tuesday,14001021
1758,1400/10/22,چهارشنبه,0,2022-01-12,Wednesday,14001022
1759,1400/10/23,پنجشنبه,0,2022-01-13,Thursday,14001023
1760,1400/10/24,جمعه,0,2022-01-14,Friday,14001024
1761,1400/10/25,شنبه,0,2022-01-15,Saturday,14001025
1762,1400/10/26,یکشنبه,0,2022-01-16,Sunday,14001026
1763,1400/10/27,دوشنبه,0,2022-01-17,Monday,14001027
1764,1400/10/28,سه شنبه,0,2022-01-18,Tuesday,14001028
1765,1400/10/29,چهارشنبه,0,2022-01-19,Wednesday,14001029
1766,1400/10/30,پنجشنبه,0,2022-01-20,Thursday,14001030
1767,1400/11/01,جمعه,0,2022-01-21,Friday,14001101
1768,1400/11/02,شنبه,0,2022-01-22,Saturday,14001102
1769,1400/11/03,یکشنبه,0,2022-01-23,Sunday,14001103
1770,1400/11/04,دوشنبه,0,2022-01-24,Monday,14001104
1771,1400/11/05,سه شنبه,0,2022-01-25,Tuesday,14001105
1772,1400/11/06,چهارشنبه,0,2022-01-26,Wednesday,14001106
1773,1400/11/07,پنجشنبه,0,2022-01-27,Thursday,14001107
1774,1400/11/08,جمعه,0,2022-01-28,Friday,14001108
1775,1400/11/09,شنبه,0,2022-01-29,Saturday,14001109
1776,1400/11/10,یکشنبه,0,2022-01-30,Sunday,14001110
1777,1400/11/11,دوشنبه,0,2022-01-31,Monday,14001111
1778,1400/11/12,سه شنبه,0,2022-02-01,Tuesday,14001112
1779,1400/11/13,چهارشنبه,0,2022-02-02,Wednesday,14001113
1780,1400/11/14,پنجشنبه,0,2022-02-03,Thursday,14001114
1781,1400/11/15,جمعه,0,2022-02-04,Friday,14001115
1782,1400/11/16,شنبه,0,2022-02-05,Saturday,14001116
1783,1400/11/17,یکشنبه,0,2022-02-06,Sunday,14001117
1784,1400/11/18,دوشنبه,0,2022-02-07,Monday,14001118
1785,1400/11/19,سه شنبه,0,2022-02-08,Tuesday,14001119
1786,1400/11/20,چهارشنبه,0,2022-02-09,Wednesday,14001120
1787,1400/11/21,پنجشنبه,0,2022-02-10,Thursday,14001121
1788,1400/11/22,جمعه,1,2022-02-11,Friday,14001122
1789,1400/11/23,شنبه,0,2022-02-12,Saturday,14001123
1790,1400/11/24,یکشنبه,0,2022-02-13,Sunday,14001124
1791,1400/11/25,دوشنبه,0,2022-02-14,Monday,14001125
1792,1400/11/26,سه شنبه,1,2022-02-15,Tuesday,14001126
1793,1400/11/27,چهارشنبه,0,2022-02-16,Wednesday,14001127
1794,1400/11/28,پنجشنبه,0,2022-02-17,Thursday,14001128
1795,1400/11/29,جمعه,0,2022-02-18,Friday,14001129
1796,1400/11/30,شنبه,0,2022-02-19,Saturday,14001130
1797,1400/12/01,یکشنبه,0,2022-02-20,Sunday,14001201
1798,1400/12/02,دوشنبه,0,2022-02-21,Monday,14001202
1799,1400/12/03,سه شنبه,0,2022-02-22,Tuesday,14001203
1800,1400/12/04,چهارشنبه,0,2022-02-23,Wednesday,14001204
1801,1400/12/05,پنجشنبه,0,2022-02-24,Thursday,14001205
1802,1400/12/06,جمعه,0,2022-02-25,Friday,14001206
1803,1400/12/07,شنبه,0,2022-02-26,Saturday,14001207
1804,1400/12/08,یکشنبه,0,2022-02-27,Sunday,14001208
1805,1400/12/09,دوشنبه,0,2022-02-28,Monday,14001209
1806,1400/12/10,سه شنبه,1,2022-03-01,Tuesday,14001210
1807,1400/12/11,چهارشنبه,0,2022-03-02,Wednesday,14001211
1808,1400/12/12,پنجشنبه,0,2022-03-03,Thursday,14001212
1809,1400/12/13,جمعه,0,2022-03-04,Friday,14001213
1810,1400/12/14,شنبه,0,2022-03-05,Saturday,14001214
1811,1400/12/15,یکشنبه,0,2022-03-06,Sunday,14001215
1812,1400/12/16,دوشنبه,0,2022-03-07,Monday,14001216
1813,1400/12/17,سه شنبه,0,2022-03-08,Tuesday,14001217
1814,1400/12/18,چهارشنبه,0,2022-03-09,Wednesday,14001218
1815,1400/12/19,پنجشنبه,0,2022-03-10,Thursday,14001219
1816,1400/12/20,جمعه,0,2022-03-11,Friday,14001220
1817,1400/12/21,شنبه,0,2022-03-12,Saturday,14001221
1818,1400/12/22,یکشنبه,0,2022-03-13,Sunday,14001222
1819,1400/12/23,دوشنبه,0,2022-03-14,Monday,14001223
1820,1400/12/24,سه شنبه,0,2022-03-15,Tuesday,14001224
1821,1400/12/25,چهارشنبه,0,2022-03-16,Wednesday,14001225
1822,1400/12/26,پنجشنبه,0,2022-03-17,Thursday,14001226
1823,1400/12/27,جمعه,1,2022-03-18,Friday,14001227
1824,1400/12/28,شنبه,0,2022-03-19,Saturday,14001228
1825,1400/12/29,یکشنبه,1,2022-03-20,Sunday,14001229
